,Company,Industry,Entrepreneur Gender,ASK_Amount,ASK_Equity,ASK_Valuation,Barbara  Corcoran,Mark  Cuban,Lori Greiner,Robert Herjavec,Daymond John,Kevin O'Leary,Guest,# Sharks,$ per shark,Deal_No,Deal_Yes
0,Ava the Elephant,Health / Wellness,Female,"$50,000",15.00%,"$333,333",1.0,0.0,0.0,0.0,0.0,0.0,0.0,1.0,"$50,000",0,1
1,Mr. Tod's Pie Factory,Food and Beverage,Male,"$460,000",10.00%,"$4,600,000",1.0,0.0,0.0,0.0,1.0,0.0,0.0,2.0,"$230,000",0,1
6,Classroom Jams,Children / Education,Male,"$250,000",10.00%,"$2,500,000",1.0,1.0,0.0,1.0,1.0,1.0,0.0,5.0,"$50,000",0,1
263,Sweet Ballz,Food and Beverage,Male,"$250,000",10.00%,"$2,500,000",1.0,1.0,0.0,0.0,0.0,0.0,0.0,2.0,"$125,000",0,1
264,Postcard on the Run,Software / Tech,Male,"$300,000",5.00%,"$6,000,000",0.0,0.0,0.0,1.0,0.0,0.0,0.0,1.0,"$300,000",0,1
265,Lynnaes Gourmet Pickles,Food and Beverage,Female,"$125,000",20.00%,"$625,000",0.0,0.0,0.0,0.0,0.0,0.0,0.0,0.0,0,1,0
266,RoloDoc,Health / Wellness,Male,"$50,000",20.00%,"$250,000",0.0,0.0,0.0,0.0,0.0,0.0,0.0,0.0,0,1,0
267,Kane & Couture Dog Clothes,Pet Products,Female,"$150,000",33.00%,"$454,545",0.0,0.0,1.0,0.0,1.0,0.0,0.0,2.0,"$75,000",0,1
268,Breathometer,Health / Wellness,Male,"$250,000",10.00%,"$2,500,000",0.0,1.0,1.0,1.0,1.0,1.0,0.0,5.0,"$200,000",0,1
269,Mango Mango Preserve,Food and Beverage,Female,"$75,000",20.00%,"$375,000",0.0,0.0,0.0,0.0,0.0,0.0,0.0,0.0,0,1,0
270,Man Medals,Uncertain / Other,Male,"$10,000",10.00%,"$100,000",0.0,0.0,0.0,0.0,0.0,0.0,0.0,0.0,0,1,0
271,Freeloader Child Carrier,Travel,Male,"$200,000",15.00%,"$1,333,333",0.0,0.0,0.0,1.0,0.0,0.0,0.0,1.0,"$200,000",0,1
272,Rapid Ramen Cooker,Food and Beverage,Male,"$300,000",10.00%,"$3,000,000",0.0,1.0,0.0,0.0,0.0,0.0,0.0,1.0,"$300,000",0,1
273,Fairy Tale Wishes,Children / Education,Female,"$35,000",33.00%,"$106,061",0.0,0.0,0.0,0.0,0.0,0.0,0.0,0.0,0,1,0
274,Kook n Kap,Food and Beverage,Female,"$50,000",20.00%,"$250,000",0.0,0.0,0.0,0.0,0.0,0.0,0.0,0.0,0,1,0
275,Screen Mend,Lifestyle / Home,Mixed Team,"$30,000",25.00%,"$120,000",0.0,0.0,1.0,0.0,0.0,0.0,0.0,1.0,"$30,000",0,1
276,Hamboards Skateboard/Surfboard,Fitness / Sports / Outdoors,Male,"$100,000",15.00%,"$666,667",0.0,0.0,0.0,1.0,0.0,0.0,0.0,1.0,"$300,000",0,1
277,R Dubs Sunday Night Slow Jams,Lifestyle / Home,Male,"$75,000",10.00%,"$750,000",0.0,0.0,0.0,0.0,0.0,0.0,0.0,0.0,0,1,0
278,Scan. Me App,Software / Tech,Male,"$1,000,000",5.00%,"$20,000,000",0.0,0.0,0.0,0.0,0.0,0.0,0.0,0.0,0,1,0
279,Veggie Mama Garden Pops,Food and Beverage,Mixed Team,"$75,000",15.00%,"$500,000",1.0,1.0,0.0,0.0,0.0,0.0,0.0,2.0,"$37,500",0,1
280,Ruffle Butts - Rugged Butts,Fashion / Beauty,Mixed Team,"$600,000",7.00%,"$8,571,429",0.0,0.0,1.0,0.0,0.0,0.0,0.0,1.0,"$300,000",0,1
281,Bare Ease Bikini Waxing,Lifestyle / Home,Female,"$50,000",20.00%,"$250,000",0.0,0.0,0.0,0.0,0.0,0.0,0.0,0.0,0,1,0
282,Rent A Goat,Pet Products,Male,"$150,000",25.00%,"$600,000",0.0,0.0,0.0,0.0,0.0,0.0,0.0,0.0,0,1,0
283,Total Merchant Resources,Business Services,Mixed Team,"$200,000",20.00%,"$1,000,000",0.0,0.0,0.0,0.0,0.0,1.0,0.0,1.0,"$200,000",0,1
284,Ten Thirty One Haunted Hayrides,Media / Entertainment,Female,"$2,000,000",10.00%,"$20,000,000",0.0,1.0,0.0,0.0,0.0,0.0,0.0,1.0,"$2,000,000",0,1
285,Fiber Fix Tape,Lifestyle / Home,Male,"$90,000",10.00%,"$900,000",0.0,0.0,1.0,0.0,0.0,0.0,0.0,1.0,"$250,000",0,1
286,Elephant Chat,Uncertain / Other,Mixed Team,"$50,000",20.00%,"$250,000",0.0,0.0,0.0,0.0,0.0,0.0,0.0,0.0,0,1,0
287,180 Party Cup,Lifestyle / Home,Male,"$300,000",15.00%,"$2,000,000",0.0,0.0,0.0,0.0,1.0,0.0,0.0,1.0,"$300,000",0,1
288,Tree T Pee,Green/CleanTech,Male,"$150,000",20.00%,"$750,000",0.0,0.0,0.0,0.0,0.0,0.0,1.0,1.0,"$150,000",0,1
289,Better Life Cleaning Products,Green/CleanTech,Male,"$400,000",7.00%,"$5,714,286",0.0,0.0,1.0,0.0,0.0,0.0,0.0,1.0,"$400,000",0,1
290,Kymera Electric Surfboards,Fitness / Sports / Outdoors,Male,"$250,000",20.00%,"$1,250,000",0.0,0.0,0.0,0.0,0.0,0.0,0.0,0.0,0,1,0
291,Paparazzi Proposals,Lifestyle / Home,Male,"$250,000",20.00%,"$1,250,000",0.0,0.0,1.0,0.0,0.0,1.0,0.0,2.0,"$125,000",0,1
292,Schulzies Bread Pudding,Food and Beverage,Female,"$160,000",20.00%,"$800,000",0.0,0.0,0.0,0.0,0.0,0.0,0.0,0.0,0,1,0
293,BellyBuds,Health / Wellness,Male,"$500,000",12.50%,"$4,000,000",0.0,0.0,0.0,0.0,0.0,0.0,0.0,0.0,0,1,0
294,PetPaint,Pet Products,Male,"$200,000",20.00%,"$1,000,000",0.0,0.0,0.0,0.0,0.0,0.0,0.0,0.0,0,1,0
295,Surprise Ride,Children / Education,Female,"$110,000",10.00%,"$1,100,000",0.0,0.0,0.0,0.0,0.0,0.0,0.0,0.0,0,1,0
296,Slawsa,Food and Beverage,Female,"$150,000",15.00%,"$1,000,000",0.0,0.0,0.0,0.0,0.0,0.0,0.0,0.0,0,1,0
297,DoorBot,Lifestyle / Home,Male,"$700,000",10.00%,"$7,000,000",0.0,0.0,0.0,0.0,0.0,0.0,0.0,0.0,0,1,0
298,Magic Moments,Software / Tech,Male,"$500,000",15.00%,"$3,333,333",0.0,0.0,0.0,0.0,0.0,0.0,0.0,0.0,0,1,0
299,Grace & Lace Knitted Boot Socks,Fashion / Beauty,Mixed Team,"$175,000",10.00%,"$1,750,000",1.0,0.0,0.0,0.0,0.0,0.0,0.0,1.0,"$175,000",0,1
300,Yubo Customized Lunch Boxes,Children / Education,Mixed Team,"$150,000",15.00%,"$1,000,000",0.0,0.0,0.0,1.0,0.0,1.0,0.0,2.0,"$75,000",0,1
301,PurseCase,Fashion / Beauty,Female,"$55,000",12.00%,"$458,333",0.0,0.0,0.0,0.0,1.0,0.0,0.0,1.0,"$55,000",0,1
302,Chocomize Chocolate Bars,Food and Beverage,Male,"$500,000",20.00%,"$2,500,000",0.0,0.0,0.0,0.0,0.0,0.0,0.0,0.0,0,1,0
303,De-Boned Baby Back Rib Steak,Food and Beverage,Mixed Team,"$300,000",15.00%,"$2,000,000",0.0,0.0,0.0,0.0,1.0,0.0,0.0,1.0,"$300,000",0,1
304,SpiritHoods,Fashion / Beauty,Mixed Team,"$450,000",15.00%,"$3,000,000",0.0,0.0,0.0,0.0,0.0,0.0,0.0,0.0,0,1,0
305,FoHawx,Fitness / Sports / Outdoors,Female,"$150,000",30.00%,"$500,000",0.0,0.0,0.0,0.0,0.0,0.0,0.0,0.0,0,1,0
306,Virtuix Omni,Software / Tech,Male,"$2,000,000",10.00%,"$20,000,000",0.0,0.0,0.0,0.0,0.0,0.0,0.0,0.0,0,1,0
307,Tipsy Elves,Fashion / Beauty,Male,"$100,000",5.00%,"$2,000,000",0.0,0.0,0.0,1.0,0.0,0.0,0.0,1.0,"$100,000",0,1
308,One Life Products,Lifestyle / Home,Male,"$50,000",15.00%,"$333,333",0.0,0.0,0.0,0.0,1.0,0.0,0.0,1.0,"$50,000",0,1
309,Cashmere Hair,Fashion / Beauty,Female,"$45,000",15.00%,"$300,000",0.0,0.0,0.0,0.0,0.0,0.0,0.0,0.0,0,1,0
310,Lite-Netics,Lifestyle / Home,Male,"$125,000",20.00%,"$625,000",0.0,0.0,0.0,0.0,0.0,0.0,0.0,0.0,0,1,0
311,GrooveBook,Software / Tech,Mixed Team,"$150,000",20.00%,"$750,000",0.0,1.0,0.0,0.0,0.0,1.0,0.0,2.0,"$75,000",0,1
312,The Wall DoctoRX,Lifestyle / Home,Male,"$150,000",10.00%,"$1,500,000",0.0,0.0,0.0,1.0,0.0,0.0,0.0,1.0,"$150,000",0,1
313,Bounce Boot Camp,Children / Education,Male,"$30,000",20.00%,"$150,000",0.0,0.0,0.0,0.0,0.0,0.0,0.0,0.0,0,1,0
314,EyeBloc,Software / Tech,Male,"$50,000",10.00%,"$500,000",0.0,0.0,0.0,0.0,0.0,0.0,0.0,0.0,0,1,0
315,LockerBones,Children / Education,Male,"$175,000",10.00%,"$1,750,000",0.0,0.0,1.0,1.0,0.0,0.0,0.0,2.0,"$87,500",0,1
316,InvisiPlug,Software / Tech,Male,"$125,000",10.00%,"$1,250,000",0.0,0.0,1.0,0.0,0.0,0.0,0.0,1.0,"$125,000",0,1
317,Balloon Distractions,Children / Education,Male,"$250,000",30.00%,"$833,333",0.0,0.0,0.0,0.0,0.0,0.0,0.0,0.0,0,1,0
318,Alaska Glacial Mud Co.,Fashion / Beauty,Female,"$100,000",20.00%,"$500,000",0.0,0.0,0.0,0.0,0.0,0.0,0.0,0.0,0,1,0
319,SwimZip,Children / Education,Mixed Team,"$60,000",5.00%,"$1,200,000",0.0,0.0,1.0,0.0,0.0,0.0,0.0,1.0,"$60,000",0,1
320,Freshly Picked,Children / Education,Female,"$150,000",10.00%,"$1,500,000",0.0,0.0,0.0,0.0,1.0,0.0,0.0,1.0,"$150,000",0,1
321,FitDeck,Fitness / Sports / Outdoors,Male,"$300,000",20.00%,"$1,500,000",0.0,0.0,0.0,0.0,0.0,0.0,0.0,0.0,0,1,0
322,LifeCaps,Health / Wellness,Male,"$200,000",30.00%,"$666,667",0.0,0.0,0.0,0.0,0.0,0.0,0.0,0.0,0,1,0
323,The Cookie Dough Cafe,Food and Beverage,Female,"$50,000",20.00%,"$250,000",0.0,0.0,1.0,0.0,0.0,0.0,1.0,2.0,"$50,000",0,1
324,Cycloramic,Software / Tech,Male,"$90,000",5.00%,"$1,800,000",0.0,1.0,1.0,0.0,0.0,0.0,0.0,2.0,"$250,000",0,1
325,Nexersys,Fitness / Sports / Outdoors,Male,"$2,000,000",10.00%,"$20,000,000",0.0,0.0,0.0,0.0,0.0,0.0,0.0,0.0,0,1,0
326,Cow Wow Cereal Milk,Food and Beverage,Mixed Team,"$250,000",10.00%,"$2,500,000",0.0,0.0,0.0,0.0,0.0,0.0,0.0,0.0,0,1,0
327,Spy Escape and Evasion,Children / Education,Male,"$100,000",15.00%,"$666,667",0.0,0.0,0.0,0.0,1.0,0.0,0.0,1.0,"$150,000",0,1
328,Southern Culture Artisan Foods,Food and Beverage,Female,"$100,000",25.00%,"$400,000",1.0,0.0,0.0,0.0,0.0,0.0,0.0,1.0,"$100,000",0,1
329,DDP Yoga,Fitness / Sports / Outdoors,Male,"$200,000",5.00%,"$4,000,000",0.0,0.0,0.0,0.0,0.0,0.0,0.0,0.0,0,1,0
330,Moberi,Food and Beverage,Male,"$50,000",15.00%,"$333,333",0.0,0.0,0.0,0.0,0.0,0.0,0.0,0.0,0,1,0
331,Bambooee,Lifestyle / Home,Mixed Team,"$200,000",10.00%,"$2,000,000",0.0,0.0,1.0,0.0,0.0,0.0,0.0,1.0,"$200,000",0,1
332,Buzzy4Shots,Health / Wellness,Female,"$500,000",5.00%,"$10,000,000",0.0,0.0,0.0,0.0,0.0,0.0,0.0,0.0,0,1,0
333,ZipIt,Lifestyle / Home,Female,"$75,000",20.00%,"$375,000",0.0,0.0,0.0,0.0,0.0,0.0,0.0,0.0,0,1,0
334,Cheek'd,Software / Tech,Female,"$100,000",10.00%,"$1,000,000",0.0,0.0,0.0,0.0,0.0,0.0,0.0,0.0,0,1,0
335,U-Lace,Fashion / Beauty,Male,"$200,000",25.00%,"$800,000",0.0,1.0,0.0,0.0,0.0,0.0,0.0,1.0,"$200,000",0,1
336,RevoLights,Fitness / Sports / Outdoors,Male,"$150,000",10.00%,"$1,500,000",0.0,0.0,0.0,1.0,0.0,0.0,0.0,1.0,"$300,000",0,1
337,Squeeky Knees,Children / Education,Mixed Team,"$80,000",20.00%,"$400,000",0.0,0.0,0.0,0.0,0.0,0.0,0.0,0.0,0,1,0
338,The Buffer Bit,Fashion / Beauty,Male,"$75,000",25.00%,"$300,000",0.0,0.0,0.0,0.0,0.0,0.0,0.0,0.0,0,1,0
339,Henry's Humdingers,Food and Beverage,Male,"$150,000",25.00%,"$600,000",0.0,1.0,0.0,1.0,0.0,0.0,0.0,2.0,"$150,000",0,1
340,Boo Boo Goo,Health / Wellness,Mixed Team,"$100,000",17.50%,"$571,429",0.0,0.0,0.0,0.0,0.0,1.0,0.0,1.0,"$100,000",0,1
341,Iretron,Software / Tech,Male,"$100,000",20.00%,"$500,000",1.0,1.0,0.0,0.0,0.0,0.0,0.0,2.0,"$50,000",0,1
342,Define Bottle,Food and Beverage,Male,"$100,000",20.00%,"$500,000",0.0,0.0,0.0,0.0,0.0,0.0,0.0,0.0,0,1,0
343,Packback Books,Children / Education,Mixed Team,"$200,000",10.00%,"$2,000,000",0.0,0.0,0.0,0.0,0.0,0.0,0.0,0.0,0,1,0
344,Chapul,Food and Beverage,Male,"$50,000",5.00%,"$1,000,000",0.0,1.0,0.0,0.0,0.0,0.0,0.0,1.0,"$50,000",0,1
345,Garage Door Lock,Lifestyle / Home,Male,"$275,000",30.00%,"$916,667",0.0,0.0,0.0,0.0,1.0,0.0,0.0,1.0,"$275,000",0,1
346,MorningHead,Lifestyle / Home,Male,"$25,000",20.00%,"$125,000",0.0,0.0,0.0,0.0,0.0,0.0,0.0,0.0,0,1,0
347,Plated,Food and Beverage,Male,"$500,000",4.00%,"$12,500,000",0.0,1.0,0.0,0.0,0.0,0.0,0.0,1.0,"$500,000",0,1
348,Monkey Mat,Lifestyle / Home,Female,"$100,000",30.00%,"$333,333",0.0,1.0,1.0,0.0,0.0,0.0,0.0,2.0,"$50,000",0,1
349,The Paint Brush Cover,Lifestyle / Home,Male,"$50,000",10.00%,"$500,000",0.0,0.0,1.0,0.0,0.0,0.0,0.0,1.0,"$100,000",0,1
350,Kodiak Cakes,Food and Beverage,Male,"$500,000",10.00%,"$5,000,000",0.0,0.0,0.0,0.0,0.0,0.0,0.0,0.0,0,1,0
351,Velocity Signs,Business Services,Male,"$225,000",15.00%,"$1,500,000",0.0,1.0,0.0,1.0,0.0,1.0,0.0,3.0,"$75,000",0,1
352,Happy Feet,Fashion / Beauty,Male,"$375,000",15.00%,"$2,500,000",0.0,0.0,0.0,0.0,0.0,0.0,0.0,0.0,#DIV/0!,0,1
353,Hold Your Haunches,Fashion / Beauty,Female,"$75,000",20.00%,"$375,000",1.0,0.0,1.0,0.0,0.0,0.0,0.0,2.0,"$50,000",0,1
354,Lord Nut Levington,Food and Beverage,Male,"$500,000",30.00%,"$1,666,667",0.0,0.0,0.0,0.0,0.0,0.0,0.0,0.0,0,1,0
355,Fun Time Express,Children / Education,Male,"$125,000",20.00%,"$625,000",0.0,0.0,1.0,0.0,0.0,1.0,0.0,2.0,"$62,500",0,1
356,PowerPot,Food and Beverage,Male,"$250,000",10.00%,"$2,500,000",0.0,1.0,0.0,0.0,0.0,0.0,0.0,1.0,"$250,000",0,1
357,Quickstop Fire Sprinkler Tools,Lifestyle / Home,Male,"$150,000",10.00%,"$1,500,000",0.0,0.0,0.0,0.0,0.0,0.0,0.0,0.0,0,1,0
358,Taylor Robinson Music,Software / Tech,Male,"$100,000",10.00%,"$1,000,000",0.0,0.0,0.0,0.0,0.0,0.0,0.0,0.0,0,1,0
359,ZooBean,Children / Education,Mixed Team,"$250,000",15.00%,"$1,666,667",0.0,1.0,0.0,0.0,0.0,0.0,0.0,1.0,"$250,000",0,1
360,iLumi,Lifestyle / Home,Male,"$350,000",15.00%,"$2,333,333",0.0,0.0,0.0,0.0,0.0,0.0,0.0,0.0,0,1,0
361,Fort Magic,Children / Education,Female,"$75,000",15.00%,"$500,000",0.0,0.0,0.0,0.0,0.0,0.0,0.0,0.0,0,1,0
362,Intelli-Stopper Technology,Food and Beverage,Male,"$250,000",10.00%,"$2,500,000",0.0,0.0,0.0,0.0,0.0,0.0,0.0,0.0,0,1,0
363,Rugged Maniac,Fitness / Sports / Outdoors,Male,"$1,000,000",10.00%,"$10,000,000",0.0,1.0,0.0,0.0,0.0,0.0,0.0,1.0,"$1,750,000",0,1
364,Cerebral Success,Health / Wellness,Male,"$75,000",20.00%,"$375,000",1.0,0.0,0.0,0.0,0.0,0.0,0.0,1.0,"$75,000",0,1
365,Mo's Bows,Fashion / Beauty,Mixed Team,"$50,000",20.00%,"$250,000",0.0,0.0,0.0,0.0,0.0,0.0,0.0,0.0,0,1,0
366,Crio,Food and Beverage,Male,"$1,000,000",10.00%,"$10,000,000",0.0,0.0,0.0,0.0,0.0,0.0,0.0,0.0,0,1,0
367,Angellift,Fashion / Beauty,Male,"$500,000",10.00%,"$5,000,000",0.0,0.0,1.0,0.0,0.0,0.0,0.0,1.0,"$500,000",0,1
368,HangEase,Lifestyle / Home,Male,"$80,000",30.00%,"$266,667",0.0,0.0,0.0,0.0,0.0,0.0,0.0,0.0,0,1,0
369,The Bouqs Company,Lifestyle / Home,Male,"$258,000",3.00%,"$8,600,000",0.0,0.0,0.0,0.0,0.0,0.0,0.0,0.0,0,1,0
370,Susty Party,Lifestyle / Home,Female,"$250,000",10.00%,"$2,500,000",0.0,0.0,0.0,0.0,0.0,0.0,0.0,0.0,0,1,0
371,Oru Kayak,Fitness / Sports / Outdoors,Male,"$500,000",12.00%,"$4,166,667",0.0,0.0,0.0,1.0,0.0,0.0,0.0,1.0,"$500,000",0,1
372,Bon Affair,Food and Beverage,Female,"$150,000",35.00%,"$428,571",0.0,1.0,0.0,0.0,0.0,0.0,0.0,1.0,"$150,000",0,1
373,Cinnaholic,Food and Beverage,Mixed Team,"$200,000",20.00%,"$1,000,000",0.0,0.0,0.0,0.0,0.0,0.0,0.0,0.0,0,1,0
374,Hargitt Marine Services,Fitness / Sports / Outdoors,Male,"$250,000",25.00%,"$1,000,000",0.0,0.0,0.0,0.0,0.0,0.0,0.0,0.0,0,1,0
375,Foot Fairy,Software / Tech,Female,"$75,000",15.00%,"$500,000",0.0,1.0,0.0,0.0,0.0,0.0,0.0,1.0,"$100,000",0,1
376,BZbox,Lifestyle / Home,Female,"$50,000",20.00%,"$250,000",0.0,0.0,1.0,0.0,0.0,0.0,0.0,1.0,"$50,000",0,1
377,Tie-Not,Children / Education,Male,"$125,000",10.00%,"$1,250,000",0.0,0.0,0.0,0.0,0.0,0.0,0.0,0.0,0,1,0
378,Baker's Edge,Food and Beverage,Mixed Team,"$400,000",20.00%,"$2,000,000",0.0,0.0,0.0,0.0,0.0,0.0,0.0,0.0,0,1,0
379,Sleeping Baby,Children / Education,Mixed Team,"$200,000",10.00%,"$2,000,000",0.0,0.0,0.0,0.0,1.0,0.0,0.0,1.0,"$200,000",0,1
380,Bombas,Fashion / Beauty,Male,"$200,000",5.00%,"$4,000,000",0.0,0.0,0.0,0.0,1.0,0.0,0.0,1.0,"$200,000",0,1
381,Hammer & Nails,Fashion / Beauty,Male,"$200,000",20.00%,"$1,000,000",0.0,0.0,0.0,0.0,0.0,0.0,0.0,0.0,0,1,0
382,Amber,Software / Tech,Male,"$200,000",20.00%,"$1,000,000",0.0,0.0,0.0,0.0,0.0,0.0,0.0,0.0,0,1,0
383,Kronos,Fitness / Sports / Outdoors,Male,"$150,000",15.00%,"$1,000,000",0.0,0.0,0.0,1.0,0.0,0.0,0.0,1.0,"$150,000",0,1
384,Roominate,Children / Education,Female,"$500,000",5.00%,"$10,000,000",0.0,1.0,1.0,0.0,0.0,0.0,0.0,2.0,"$250,000",0,1
385,The Floating Mug Co.,Lifestyle / Home,Male,"$75,000",15.00%,"$500,000",0.0,0.0,0.0,0.0,0.0,0.0,0.0,0.0,0,1,0
386,Wedding Wagon,Lifestyle / Home,Male,"$125,000",20.00%,"$625,000",0.0,0.0,0.0,0.0,0.0,0.0,0.0,0.0,0,1,0
387,Heart Pup,Pet Products,Female,"$25,000",10.00%,"$250,000",0.0,0.0,0.0,0.0,1.0,0.0,0.0,1.0,"$50,000",0,1
388,SoapSox,Children / Education,Male,"$260,000",10.00%,"$2,600,000",0.0,0.0,0.0,0.0,0.0,0.0,0.0,0.0,0,1,0
389,Ninja Cards,Children / Education,Male,"$60,000",30.00%,"$200,000",0.0,0.0,0.0,0.0,0.0,0.0,0.0,0.0,0,1,0
390,DrumPants,Fashion / Beauty,Mixed Team,"$150,000",5.00%,"$3,000,000",0.0,0.0,0.0,0.0,0.0,0.0,0.0,0.0,0,1,0
391,Paper Box Pilots,Children / Education,Male,"$35,000",25.00%,"$140,000",0.0,0.0,0.0,1.0,0.0,0.0,0.0,1.0,"$35,000",0,1
392,Reviver,Lifestyle / Home,Male,"$150,000",5.00%,"$3,000,000",0.0,0.0,1.0,0.0,0.0,0.0,0.0,1.0,"$150,000",0,1
393,FunCakes Rental,Food and Beverage,Female,"$285,000",25.00%,"$1,140,000",0.0,0.0,0.0,0.0,0.0,0.0,0.0,0.0,0,1,0
394,Table Jacks,Lifestyle / Home,Male,"$100,000",25.00%,"$400,000",0.0,0.0,0.0,0.0,0.0,0.0,0.0,0.0,0,1,0
395,The Red Dress Boutique,Fashion / Beauty,Mixed Team,"$600,000",5.00%,"$12,000,000",0.0,1.0,0.0,1.0,0.0,0.0,0.0,2.0,"$600,000",0,1
396,SunStaches,Fashion / Beauty,Male,"$300,000",5.00%,"$6,000,000",0.0,0.0,0.0,0.0,1.0,0.0,0.0,1.0,"$300,000",0,1
397,Jungle JumpaRoo,Children / Education,Mixed Team,"$100,000",20.00%,"$500,000",0.0,0.0,0.0,0.0,0.0,0.0,0.0,0.0,0,1,0
398,The Caddy Girls,Fitness / Sports / Outdoors,Female,"$100,000",20.00%,"$500,000",0.0,0.0,0.0,0.0,0.0,0.0,0.0,0.0,0,1,0
399,Honeyfund,Software / Tech,Mixed Team,"$400,000",10.00%,"$4,000,000",0.0,0.0,0.0,0.0,0.0,1.0,0.0,1.0,"$400,000",0,1
400,BeatBox Beverages,Food and Beverage,Mixed Team,"$200,000",10.00%,"$2,000,000",0.0,1.0,0.0,0.0,0.0,0.0,0.0,1.0,"$1,000,000",0,1
401,Oilerie USA,Food and Beverage,Male,"$500,000",35.00%,"$1,428,571",0.0,0.0,0.0,0.0,0.0,0.0,0.0,0.0,0,1,0
402,EmergenSee,Software / Tech,Male,"$250,000",10.00%,"$2,500,000",0.0,0.0,0.0,0.0,0.0,0.0,0.0,0.0,0,1,0
403,Myself Belts,Children / Education,Female,"$60,000",10.00%,"$600,000",0.0,0.0,0.0,0.0,1.0,0.0,0.0,1.0,"$75,000",0,1
404,Titin,Fitness / Sports / Outdoors,Male,"$500,000",5.00%,"$10,000,000",0.0,0.0,0.0,0.0,1.0,0.0,0.0,1.0,"$500,000",0,1
405,SingTrix,Children / Education,Male,"$1,500,000",5.00%,"$30,000,000",0.0,0.0,0.0,0.0,0.0,0.0,0.0,0.0,0,1,0
406,Beardbrand,Fashion / Beauty,Male,"$400,000",15.00%,"$2,666,667",0.0,0.0,0.0,0.0,0.0,0.0,0.0,0.0,0,1,0
407,The Natural Grip,Fitness / Sports / Outdoors,Female,"$100,000",20.00%,"$500,000",0.0,0.0,0.0,1.0,0.0,0.0,0.0,1.0,"$125,000",0,1
408,Bottle Breacher,Food and Beverage,Male,"$150,000",10.00%,"$1,500,000",0.0,1.0,0.0,0.0,0.0,1.0,0.0,2.0,"$75,000",0,1
409,Man-Pack,Fashion / Beauty,Male,"$200,000",29.00%,"$689,655",0.0,0.0,0.0,0.0,0.0,0.0,0.0,0.0,0,1,0
410,Priority One Canine,Pet Products,Mixed Team,"$75,000",15.00%,"$500,000",0.0,0.0,0.0,0.0,0.0,0.0,0.0,0.0,0,1,0
411,Heidi Ho,Food and Beverage,Female,"$125,000",20.00%,"$625,000",0.0,0.0,1.0,0.0,0.0,0.0,0.0,1.0,"$125,000",0,1
412,Squatty Potty,Lifestyle / Home,Mixed Team,"$350,000",5.00%,"$7,000,000",0.0,0.0,1.0,0.0,0.0,0.0,0.0,1.0,"$350,000",0,1
413,Pipsnacks,Food and Beverage,Mixed Team,"$200,000",10.00%,"$2,000,000",1.0,0.0,0.0,0.0,0.0,0.0,0.0,1.0,"$200,000",0,1
414,Storm Stoppers,Lifestyle / Home,Male,"$100,000",10.00%,"$1,000,000",0.0,0.0,0.0,0.0,0.0,0.0,0.0,0.0,0,1,0
415,MagicCook,Food and Beverage,Female,"$100,000",20.00%,"$500,000",0.0,0.0,0.0,0.0,1.0,0.0,0.0,1.0,"$100,000",0,1
416,Earth Log,Lifestyle / Home,Male,"$160,000",20.00%,"$800,000",0.0,0.0,1.0,0.0,0.0,0.0,0.0,1.0,"$160,000",0,1
417,Kitchen Safe,Food and Beverage,Male,"$100,000",5.00%,"$2,000,000",0.0,0.0,1.0,0.0,0.0,0.0,1.0,2.0,"$50,000",0,1
418,Off the Cob,Food and Beverage,Male,"$100,000",15.00%,"$666,667",0.0,0.0,0.0,0.0,0.0,0.0,0.0,0.0,0,1,0
419,Biaggi,Lifestyle / Home,Male,"$500,000",30.00%,"$1,666,667",0.0,0.0,1.0,0.0,0.0,0.0,0.0,1.0,"$500,000",0,1
420,Gameday Couture,Fashion / Beauty,Mixed Team,"$500,000",20.00%,"$2,500,000",0.0,1.0,0.0,0.0,0.0,0.0,0.0,1.0,"$500,000",0,1
421,Zipz,Food and Beverage,Male,"$2,500,000",10.00%,"$25,000,000",0.0,0.0,0.0,0.0,0.0,1.0,0.0,1.0,"$2,500,000",0,1
422,Soaps Washes and Grooming Essentials (aka S.W.A.G. Essentials),Fashion / Beauty,Female,"$125,000",20.00%,"$625,000",0.0,0.0,0.0,0.0,0.0,0.0,0.0,0.0,0,1,0
423,Hoppy Paws,Lifestyle / Home,Female,"$50,000",10.00%,"$500,000",1.0,0.0,0.0,0.0,0.0,0.0,0.0,1.0,"$100,000",0,1
424,Q-Flex,Health / Wellness,Female,"$20,000",20.00%,"$100,000",1.0,1.0,0.0,0.0,0.0,0.0,0.0,2.0,"$12,500",0,1
425,The Mensch on a Bench,Lifestyle / Home,Male,"$150,000",10.00%,"$1,500,000",0.0,0.0,1.0,1.0,0.0,0.0,0.0,2.0,"$75,000",0,1
426,Eve Drop,Lifestyle / Home,Male,"$75,000",20.00%,"$375,000",0.0,0.0,0.0,0.0,0.0,0.0,0.0,0.0,0,1,0
427,Bantam Bagels,Food and Beverage,Mixed Team,"$275,000",11.00%,"$2,500,000",0.0,0.0,1.0,0.0,0.0,0.0,0.0,1.0,"$275,000",0,1
428,Doorman,Lifestyle / Home,Male,"$250,000",10.00%,"$2,500,000",0.0,0.0,0.0,1.0,0.0,0.0,0.0,1.0,"$250,000",0,1
429,SkinnyShirt,Fashion / Beauty,Female,"$100,000",20.00%,"$500,000",0.0,0.0,0.0,0.0,0.0,0.0,0.0,0.0,0,1,0
430,Coffee Meets Bagel,Software / Tech,Female,"$500,000",5.00%,"$10,000,000",0.0,0.0,0.0,0.0,0.0,0.0,0.0,0.0,0,1,0
431,Evrewares,Fashion / Beauty,Female,"$100,000",30.00%,"$333,333",0.0,1.0,0.0,0.0,0.0,0.0,0.0,1.0,"$200,000",0,1
432,Bottle Bright,Lifestyle / Home,Male,"$75,000",15.00%,"$500,000",0.0,0.0,1.0,0.0,0.0,0.0,0.0,1.0,"$75,000",0,1
433,Scratch & Grain Baking Co,Food and Beverage,Female,"$150,000",20.00%,"$750,000",1.0,0.0,0.0,0.0,0.0,0.0,0.0,1.0,"$150,000",0,1
434,Vestpakz,Children / Education,Male,"$50,000",10.00%,"$500,000",0.0,0.0,0.0,0.0,0.0,0.0,0.0,0.0,0,1,0
435,TurboPUP,Pet Products,Female,"$100,000",20.00%,"$500,000",0.0,0.0,0.0,0.0,1.0,0.0,0.0,1.0,"$100,000",0,1
436,Lumio,Lifestyle / Home,Male,"$250,000",8.00%,"$3,125,000",0.0,0.0,0.0,1.0,0.0,0.0,0.0,1.0,"$350,000",0,1
437,Bello Verde,Fashion / Beauty,Male,"$360,000",6.00%,"$6,000,000",0.0,0.0,0.0,0.0,0.0,0.0,0.0,0.0,0,1,0
438,Napwell,Lifestyle / Home,Male,"$100,000",10.00%,"$1,000,000",0.0,0.0,0.0,0.0,0.0,0.0,0.0,0.0,0,1,0
439,GreenBox,Food and Beverage,Mixed Team,"$300,000",10.00%,"$3,000,000",0.0,0.0,0.0,0.0,0.0,1.0,0.0,1.0,"$300,000",0,1
440,Phonesoap,Software / Tech,Male,"$300,000",7.50%,"$4,000,000",0.0,0.0,1.0,0.0,0.0,0.0,0.0,1.0,"$300,000",0,1
441,Victoria's Kitchen,Food and Beverage,Mixed Team,"$200,000",20.00%,"$1,000,000",0.0,0.0,0.0,0.0,0.0,0.0,0.0,0.0,0,1,0
442,Tycoon Real Estate,Software / Tech,Male,"$50,000",5.00%,"$1,000,000",0.0,0.0,0.0,0.0,0.0,0.0,0.0,0.0,0,1,0
443,Fresh Patch,Pet Products,Mixed Team,"$150,000",10.00%,"$1,500,000",1.0,1.0,0.0,0.0,0.0,0.0,0.0,2.0,"$75,000",0,1
444,Drain Strain,Lifestyle / Home,Male,"$110,000",15.00%,"$733,333",0.0,0.0,0.0,1.0,0.0,0.0,0.0,1.0,"$110,000",0,1
445,Balm Chicky Balm Balm,Fashion / Beauty,Female,"$75,000",20.00%,"$375,000",0.0,0.0,0.0,0.0,0.0,0.0,0.0,0.0,0,1,0
446,BedJet,Lifestyle / Home,Male,"$250,000",10.00%,"$2,500,000",0.0,0.0,0.0,0.0,0.0,0.0,0.0,0.0,0,1,0
447,BeverageBoy,Food and Beverage,Male,"$50,000",15.00%,"$333,333",0.0,0.0,0.0,0.0,1.0,0.0,0.0,1.0,"$50,000",0,1
448,FunBites,Children / Education,Female,"$75,000",20.00%,"$375,000",0.0,0.0,1.0,0.0,0.0,0.0,0.0,1.0,"$75,000",0,1
449,The Lip Bar,Fashion / Beauty,Female,"$125,000",20.00%,"$625,000",0.0,0.0,0.0,0.0,0.0,0.0,0.0,0.0,0,1,0
450,Himalayan Dog Chew,Pet Products,Male,"$750,000",5.00%,"$15,000,000",0.0,0.0,0.0,0.0,0.0,0.0,0.0,0.0,0,1,0
451,Boobypack,Fashion / Beauty,Female,"$80,000",20.00%,"$400,000",1.0,0.0,0.0,0.0,0.0,0.0,0.0,1.0,"$80,000",0,1
452,Gold Rush Nugget Bucket,Children / Education,Male,"$60,000",15.00%,"$400,000",0.0,0.0,0.0,1.0,0.0,0.0,0.0,1.0,"$60,000",0,1
453,Sseko Designs,Fashion / Beauty,Mixed Team,"$300,000",10.00%,"$3,000,000",0.0,0.0,0.0,0.0,0.0,0.0,0.0,0.0,0,1,0
454,Lumi,Fashion / Beauty,Female,"$250,000",5.00%,"$5,000,000",0.0,0.0,0.0,0.0,0.0,0.0,0.0,0.0,0,1,0
455,LuminAid,Travel,Female,"$200,000",10.00%,"$2,000,000",0.0,1.0,0.0,0.0,0.0,0.0,0.0,1.0,"$300,000",0,1
456,Scholly,Children / Education,Male,"$40,000",15.00%,"$266,667",0.0,0.0,0.0,0.0,0.0,0.0,0.0,0.0,#DIV/0!,0,1
457,Keen Home,Lifestyle / Home,Male,"$750,000",10.00%,"$7,500,000",0.0,0.0,0.0,1.0,0.0,0.0,0.0,1.0,"$750,000",0,1
458,Taaluma,Fashion / Beauty,Mixed Team,"$110,000",15.00%,"$733,333",0.0,0.0,0.0,0.0,0.0,0.0,0.0,0.0,0,1,0
459,Coco Jack,Food and Beverage,Male,"$125,000",10.00%,"$1,250,000",0.0,1.0,0.0,0.0,0.0,0.0,0.0,1.0,"$125,000",0,1
460,BedRyder,Automotive,Male,"$200,000",15.00%,"$1,333,333",0.0,0.0,0.0,0.0,0.0,0.0,0.0,0.0,0,1,0
461,Frill,Fashion / Beauty,Female,"$100,000",20.00%,"$500,000",1.0,0.0,0.0,0.0,0.0,1.0,0.0,2.0,"$50,000",0,1
462,Twin Z Pillow,Children / Education,Mixed Team,"$75,000",10.00%,"$750,000",0.0,0.0,1.0,0.0,0.0,0.0,0.0,1.0,"$75,000",0,1
463,Echo Valley Meats,Food and Beverage,Male,"$150,000",20.00%,"$750,000",0.0,1.0,0.0,0.0,0.0,0.0,0.0,1.0,"$150,000",0,1
464,Emazing Lights,Media / Entertainment,Male,"$650,000",5.00%,"$13,000,000",0.0,1.0,0.0,0.0,1.0,0.0,0.0,2.0,"$325,000",0,1
465,acqua vault,Lifestyle / Home,Male,"$75,000",12.00%,"$625,000",0.0,0.0,0.0,0.0,1.0,0.0,0.0,1.0,"$75,000",0,1
466,Naja,Fashion / Beauty,Female,"$500,000",5.00%,"$10,000,000",0.0,0.0,0.0,0.0,0.0,0.0,0.0,0.0,0,1,0
467,Bee Sweet Lemonade,Food and Beverage,Mixed Team,"$60,000",10.00%,"$600,000",0.0,0.0,0.0,0.0,1.0,0.0,0.0,1.0,"$60,000",0,1
468,Brand Yourself,Software / Tech,Male,"$2,000,000",13.50%,"$14,814,815",0.0,0.0,0.0,0.0,0.0,0.0,0.0,0.0,0,1,0
469,iC Pooch,Pet Products,Mixed Team,"$150,000",20.00%,"$750,000",0.0,0.0,0.0,0.0,0.0,0.0,0.0,0.0,0,1,0
470,The Home T,Fashion / Beauty,Male,"$250,000",5.00%,"$5,000,000",0.0,0.0,0.0,0.0,0.0,0.0,0.0,0.0,0,1,0
471,Budsies,Children / Education,Male,"$100,000",5.00%,"$2,000,000",0.0,0.0,0.0,0.0,0.0,0.0,0.0,0.0,0,1,0
472,bee thinking,Lifestyle / Home,Male,"$400,000",10.00%,"$4,000,000",0.0,0.0,0.0,0.0,0.0,0.0,0.0,0.0,0,1,0
473,PullyPalz,Children / Education,Female,"$100,000",20.00%,"$500,000",0.0,0.0,1.0,0.0,0.0,0.0,0.0,1.0,"$100,000",0,1
474,Forus,Fitness / Sports / Outdoors,Male,"$200,000",15.00%,"$1,333,333",0.0,0.0,0.0,0.0,0.0,0.0,0.0,0.0,0,1,0
475,NeatCheeks,Children / Education,Female,"$150,000",20.00%,"$750,000",1.0,0.0,0.0,0.0,0.0,0.0,0.0,1.0,"$150,000",0,1
476,Melni,Software / Tech,Male,"$500,000",5.00%,"$10,000,000",0.0,1.0,0.0,0.0,0.0,0.0,0.0,1.0,"$500,000",0,1
477,Beneath the Ink,Software / Tech,Mixed Team,"$350,000",10.00%,"$3,500,000",0.0,0.0,0.0,0.0,0.0,0.0,0.0,0.0,0,1,0
478,PittMoss,Green/CleanTech,Male,"$600,000",25.00%,"$2,400,000",0.0,1.0,0.0,1.0,0.0,1.0,0.0,3.0,"$200,000",0,1
479,ZinePak,Media / Entertainment,Female,"$725,000",10.00%,"$7,250,000",0.0,0.0,1.0,1.0,0.0,0.0,0.0,2.0,"$362,500",0,1
480,snagastool,Software / Tech,Male,"$120,000",18.00%,"$666,667",0.0,0.0,0.0,0.0,0.0,0.0,0.0,0.0,0,1,0
481,Buck Mason,Fashion / Beauty,Male,"$200,000",8.00%,"$2,500,000",0.0,0.0,0.0,0.0,0.0,0.0,0.0,0.0,0,1,0
482,Noene,Fashion / Beauty,Male,"$100,000",10.00%,"$1,000,000",0.0,1.0,0.0,0.0,1.0,0.0,0.0,2.0,"$100,000",0,1
483,AirCar,Travel,Male,"$5,000,000",50.00%,"$10,000,000",0.0,0.0,0.0,1.0,0.0,0.0,0.0,1.0,"$5,000,000",0,1
484,Paleo Diet Foods,Food and Beverage,Female,"$150,000",20.00%,"$750,000",0.0,0.0,0.0,0.0,0.0,0.0,0.0,0.0,0,1,0
485,World Record Striper Company,Fitness / Sports / Outdoors,Male,"$75,000",20.00%,"$375,000",0.0,1.0,0.0,0.0,0.0,0.0,0.0,1.0,"$50,000",0,1
486,Frameri,Fashion / Beauty,Male,"$150,000",3.50%,"$4,285,714",0.0,0.0,0.0,0.0,0.0,0.0,0.0,0.0,0,1,0
487,Zoom,Lifestyle / Home,Female,"$100,000",20.00%,"$500,000",1.0,0.0,0.0,0.0,0.0,0.0,0.0,1.0,"$100,000",0,1
488,Sunscreen Mist,Lifestyle / Home,Male,"$400,000",15.00%,"$2,666,667",0.0,0.0,0.0,0.0,0.0,0.0,0.0,0.0,0,1,0
489,SynDaver Labs,Health / Wellness,Male,"$3,000,000",10.00%,"$30,000,000",0.0,0.0,0.0,1.0,0.0,0.0,0.0,1.0,"$3,000,000",0,1
490,You Kick Ass,Children / Education,Female,"$100,000",10.00%,"$1,000,000",0.0,1.0,0.0,0.0,0.0,0.0,0.0,1.0,"$100,000",0,1
491,Shark Wheel,Fitness / Sports / Outdoors,Male,"$100,000",5.00%,"$2,000,000",0.0,1.0,0.0,1.0,0.0,0.0,1.0,3.0,"$75,000",0,1
492,Gato Cafe,Pet Products,Female,"$100,000",20.00%,"$500,000",0.0,0.0,0.0,0.0,0.0,0.0,0.0,0.0,0,1,0
493,Sway Motorsports,Green/CleanTech,Male,"$300,000",10.00%,"$3,000,000",0.0,1.0,0.0,0.0,0.0,0.0,0.0,1.0,"$300,000",0,1
494,Spikeball,Fitness / Sports / Outdoors,Male,"$500,000",10.00%,"$5,000,000",0.0,0.0,0.0,0.0,1.0,0.0,0.0,1.0,"$500,000",0,1
495,the beebo,Children / Education,Male,"$200,000",20.00%,"$1,000,000",1.0,0.0,0.0,0.0,0.0,0.0,1.0,2.0,"$100,000",0,1
496,Acton,Fitness / Sports / Outdoors,Male,"$1,000,000",3.50%,"$28,571,429",0.0,0.0,0.0,0.0,0.0,0.0,0.0,0.0,#DIV/0!,1,0
497,McClary Brothers Drinking Vinegars,Food and Beverage,Female,"$100,000",15.00%,"$666,667",0.0,0.0,0.0,0.0,0.0,0.0,0.0,0.0,#DIV/0!,1,0
498,SIGNALVAULT,Software / Tech,Male,"$200,000",12.50%,"$1,600,000",0.0,0.0,1.0,1.0,0.0,0.0,0.0,2.0,"$100,000",0,1
499,O'Dang Hummus,Food and Beverage,Male,"$50,000",10.00%,"$500,000",0.0,0.0,1.0,1.0,0.0,0.0,0.0,2.0,"$25,000",0,1
500,Splikity,Software / Tech,Male,"$200,000",10.00%,"$2,000,000",0.0,0.0,0.0,0.0,0.0,0.0,0.0,0.0,0,1,0
501,Mikki Bey,Fashion / Beauty,Female,"$300,000",20.00%,"$1,500,000",0.0,0.0,0.0,0.0,0.0,0.0,0.0,0.0,0,1,0
502,Loliware,Food and Beverage,Female,"$150,000",10.00%,"$1,500,000",1.0,1.0,0.0,0.0,0.0,0.0,0.0,2.0,"$300,000",0,1
503,Foot Cardigan,Fashion / Beauty,Male,"$250,000",10.00%,"$2,500,000",0.0,1.0,0.0,0.0,0.0,0.0,1.0,2.0,"$125,000",0,1
504,ValPark,Software / Tech,Male,"$300,000",20.00%,"$1,500,000",0.0,0.0,0.0,0.0,0.0,0.0,0.0,0.0,0,1,0
505,The Two Guys Bowtie Company,Fashion / Beauty,Male,"$150,000",10.00%,"$1,500,000",0.0,0.0,0.0,0.0,1.0,0.0,1.0,2.0,"$75,000",0,1
506,nerdwax,Fashion / Beauty,Mixed Team,"$80,000",20.00%,"$400,000",0.0,0.0,0.0,0.0,0.0,0.0,0.0,0.0,0,1,0
507,Table 87,Food and Beverage,Male,"$200,000",10.00%,"$2,000,000",0.0,0.0,1.0,0.0,0.0,0.0,0.0,1.0,"$250,000",0,1
509,milk + brookies,Food and Beverage,Mixed Team,"$100,000",20.00%,"$500,000",0.0,0.0,0.0,0.0,0.0,0.0,0.0,0.0,0,1,0
510,Dude Wipes,Lifestyle / Home,Male,"$300,000",10.00%,"$3,000,000",0.0,1.0,0.0,0.0,0.0,0.0,0.0,1.0,"$300,000",0,1
511,Three Jerks Jerky,Food and Beverage,Male,"$100,000",15.00%,"$666,667",0.0,0.0,0.0,0.0,1.0,0.0,0.0,1.0,"$100,000",0,1
512,The Skinny Mirror,Fashion / Beauty,Female,"$200,000",20.00%,"$1,000,000",0.0,0.0,0.0,0.0,0.0,0.0,0.0,0.0,0,1,0
513,Switch Witch,Children / Education,Mixed Team,"$55,000",25.00%,"$220,000",0.0,0.0,0.0,0.0,0.0,0.0,0.0,0.0,0,1,0
514,X Craft,Software / Tech,Male,"$500,000",20.00%,"$2,500,000",0.0,1.0,1.0,1.0,1.0,1.0,0.0,5.0,"$300,000",0,1
515,Rent Like a Champ,Software / Tech,Male,"$200,000",10.00%,"$2,000,000",0.0,1.0,0.0,0.0,0.0,0.0,1.0,2.0,"$100,000",0,1
516,Hotshot,Food and Beverage,Male,"$300,000",10.00%,"$3,000,000",0.0,0.0,0.0,0.0,0.0,0.0,0.0,0.0,0,1,0
517,Windcatcher,Lifestyle / Home,Male,"$200,000",8.00%,"$2,500,000",0.0,0.0,1.0,0.0,0.0,0.0,0.0,1.0,"$200,000",0,1
518,Stem Center USA,Children / Education,Female,"$150,000",15.00%,"$1,000,000",0.0,0.0,1.0,0.0,0.0,0.0,0.0,1.0,0,0,1
519,Wink Frozen Desserts,Food and Beverage,Mixed Team,"$300,000",15.00%,"$2,000,000",0.0,0.0,0.0,0.0,0.0,0.0,0.0,0.0,0,1,0
520,Savvy Naturals,Lifestyle / Home,Mixed Team,"$200,000",10.00%,"$2,000,000",1.0,0.0,0.0,0.0,0.0,0.0,0.0,1.0,"$200,000",0,1
521,Clean Cube,Lifestyle / Home,Male,"$300,000",10.00%,"$3,000,000",0.0,0.0,0.0,0.0,0.0,0.0,0.0,0.0,0,1,0
522,Simply Fit Board,Fitness / Sports / Outdoors,Female,"$125,000",15.00%,"$833,333",0.0,0.0,1.0,0.0,0.0,1.0,0.0,1.0,"$125,000",0,1
523,A Fresh Sheet,Lifestyle / Home,Male,"$100,000",20.00%,"$500,000",0.0,0.0,0.0,0.0,0.0,0.0,0.0,0.0,0,1,0
524,unshrinkit,Lifestyle / Home,Mixed Team,"$150,000",10.00%,"$1,500,000",0.0,1.0,0.0,0.0,0.0,0.0,0.0,1.0,"$150,000",0,1
525,Grip Clean,Fitness / Sports / Outdoors,Male,"$85,000",20.00%,"$425,000",0.0,0.0,1.0,0.0,0.0,0.0,0.0,1.0,"$85,000",0,1
526,Polar Pro,Software / Tech,Male,"$500,000",10.00%,"$5,000,000",0.0,1.0,0.0,1.0,0.0,0.0,0.0,2.0,"$500,000",0,1
527,Advanced Sports Technology,Fitness / Sports / Outdoors,Male,"$160,000",10.00%,"$1,600,000",0.0,0.0,0.0,0.0,0.0,0.0,0.0,0.0,0,1,0
528,Brazi Bites,Food and Beverage,Mixed Team,"$200,000",10.00%,"$2,000,000",0.0,0.0,1.0,0.0,0.0,0.0,0.0,1.0,"$200,000",0,1
529,Umano,Fashion / Beauty,Male,"$150,000",15.00%,"$1,000,000",0.0,1.0,1.0,0.0,0.0,0.0,0.0,2.0,"$75,000",0,1
530,Sock Tabs,Lifestyle / Home,Mixed Team,"$50,000",20.00%,"$250,000",0.0,0.0,0.0,0.0,1.0,0.0,0.0,1.0,"$50,000",0,1
531,Leaux Racing Trikes,Fitness / Sports / Outdoors,Male,"$120,000",20.00%,"$600,000",0.0,0.0,0.0,0.0,0.0,0.0,0.0,0.0,0,1,0
532,Glow Recipe,Fashion / Beauty,Female,"$425,000",10.00%,"$4,250,000",0.0,0.0,0.0,1.0,0.0,0.0,0.0,1.0,"$425,000",0,1
533,Sarah Oliver Handbags,Fashion / Beauty,Female,"$250,000",20.00%,"$1,250,000",0.0,0.0,1.0,1.0,0.0,1.0,0.0,3.0,"$83,333",0,1
534,Trunkster,Lifestyle / Home,Male,"$1,400,000",5.00%,"$28,000,000",0.0,1.0,1.0,0.0,0.0,0.0,0.0,2.0,"$700,000",0,1
535,geekmytree,Lifestyle / Home,Male,"$225,000",25.00%,"$900,000",0.0,0.0,0.0,0.0,0.0,1.0,0.0,1.0,"$225,000",0,1
536,Beard Head,Fashion / Beauty,Male,"$250,000",25.00%,"$1,000,000",0.0,0.0,0.0,0.0,0.0,0.0,0.0,0.0,#DIV/0!,1,0
537,Lovepop,Lifestyle / Home,Male,"$300,000",10.00%,"$3,000,000",0.0,0.0,0.0,0.0,0.0,1.0,0.0,1.0,"$300,000",0,1
538,Piper Wei,Fashion / Beauty,Female,"$50,000",10.00%,"$500,000",1.0,0.0,0.0,0.0,0.0,0.0,0.0,1.0,"$50,000",0,1
539,Abs Protein Pancakes,Food and Beverage,Mixed Team,"$120,000",40.00%,"$300,000",0.0,0.0,0.0,0.0,1.0,0.0,0.0,1.0,"$120,000",0,1
540,Extreme Sandbox,Children / Education,Male,"$150,000",15.00%,"$1,000,000",0.0,1.0,0.0,0.0,0.0,1.0,0.0,2.0,"$75,000",0,1
541,Total Tie Keep,Fashion / Beauty,Male,"$50,000",25.00%,"$200,000",0.0,0.0,0.0,0.0,0.0,0.0,0.0,0.0,0,1,0
542,Fireavert,Lifestyle / Home,Male,"$300,000",7.00%,"$4,285,714",0.0,0.0,0.0,0.0,0.0,0.0,0.0,0.0,0,1,0
543,spretz,Lifestyle / Home,Male,"$100,000",20.00%,"$500,000",0.0,0.0,0.0,0.0,0.0,0.0,0.0,0.0,0,1,0
544,Hungry Harvest,Food and Beverage,Male,"$50,000",5.00%,"$1,000,000",0.0,0.0,0.0,1.0,0.0,0.0,0.0,1.0,"$100,000",0,1
545,Controlled Chaos,Fashion / Beauty,Female,"$50,000",20.00%,"$250,000",1.0,0.0,0.0,0.0,0.0,0.0,0.0,1.0,"$60,000",0,1
546,EZPZ,Food and Beverage,Female,"$1,000,000",5.00%,"$20,000,000",0.0,0.0,0.0,0.0,0.0,0.0,0.0,0.0,0,1,0
547,Fixed,Software / Tech,Male,"$700,000",5.00%,"$14,000,000",0.0,1.0,0.0,0.0,0.0,0.0,0.0,1.0,"$700,000",0,1
548,Hatch Baby,Children / Education,Mixed Team,"$250,000",2.50%,"$10,000,000",0.0,0.0,0.0,0.0,0.0,0.0,1.0,1.0,"$250,000",0,1
549,Village Scholarships,Children / Education,Mixed Team,"$125,000",10.00%,"$1,250,000",0.0,0.0,0.0,0.0,0.0,0.0,0.0,0.0,0,1,0
550,Beard King,Fashion / Beauty,Mixed Team,"$100,000",20.00%,"$500,000",0.0,0.0,1.0,0.0,0.0,0.0,0.0,1.0,"$100,000",0,1
551,Shefit,Fitness / Sports / Outdoors,Mixed Team,"$250,000",20.00%,"$1,250,000",0.0,0.0,0.0,0.0,1.0,0.0,0.0,1.0,"$250,000",0,1
552,Co.alition,Software / Tech,Male,"$200,000",20.00%,"$1,000,000",0.0,0.0,0.0,0.0,0.0,0.0,0.0,0.0,0,1,0
553,icybreeze,Travel,Male,"$50,000",5.00%,"$1,000,000",0.0,0.0,0.0,0.0,0.0,0.0,0.0,0.0,0,1,0
554,2400 Expert,Children / Education,Male,"$250,000",10.00%,"$2,500,000",0.0,1.0,0.0,0.0,0.0,0.0,0.0,1.0,"$250,000",0,1
555,R. Riveter,Fashion / Beauty,Female,"$100,000",20.00%,"$500,000",0.0,1.0,0.0,0.0,0.0,0.0,0.0,1.0,"$100,000",0,1
556,Beartek,Media / Entertainment,Male,"$500,000",5.00%,"$10,000,000",0.0,0.0,0.0,0.0,0.0,0.0,0.0,0.0,0,1,0
557,Major Mom,Lifestyle / Home,Female,"$150,000",20.00%,"$750,000",0.0,0.0,0.0,0.0,0.0,0.0,0.0,0.0,0,1,0
558,Combat Flip Flops,Fashion / Beauty,Male,"$150,000",10.00%,"$1,500,000",0.0,1.0,1.0,0.0,1.0,0.0,0.0,3.0,"$100,000",0,1
559,SmartPlate,Health / Wellness,Male,"$1,000,000",15.00%,"$6,666,667",0.0,0.0,0.0,0.0,0.0,0.0,0.0,0.0,0,1,0
560,Bee Free Honee,Food and Beverage,Female,"$100,000",10.00%,"$1,000,000",1.0,1.0,0.0,0.0,0.0,0.0,1.0,3.0,"$70,000",0,1
561,Float Baby,Children / Education,Female,"$150,000",20.00%,"$750,000",0.0,0.0,0.0,0.0,0.0,0.0,0.0,0.0,#DIV/0!,1,0
562,MTAILOR,Fashion / Beauty,Male,"$2,500,000",10.00%,"$25,000,000",0.0,0.0,0.0,0.0,0.0,0.0,0.0,0.0,#DIV/0!,1,0
563,Sworkit,Fitness / Sports / Outdoors,Male,"$1,500,000",8.00%,"$18,750,000",0.0,1.0,0.0,0.0,0.0,0.0,0.0,1.0,"$1,500,000",0,1
564,Clean Sleep,Lifestyle / Home,Male,"$1,500,000",15.00%,"$10,000,000",0.0,0.0,0.0,0.0,0.0,0.0,0.0,0.0,0,1,0
565,tutu blue,Fashion / Beauty,Female,"$200,000",25.00%,"$800,000",0.0,0.0,0.0,0.0,0.0,0.0,0.0,0.0,0,1,0
566,Nohbo,Green/CleanTech,Male,"$100,000",20.00%,"$500,000",0.0,1.0,0.0,0.0,0.0,0.0,0.0,1.0,"$100,000",0,1
567,Insta-Fire,Lifestyle / Home,Male,"$300,000",10.00%,"$3,000,000",0.0,1.0,1.0,0.0,0.0,0.0,0.0,2.0,"$150,000",0,1
568,Custard Stand Hot Dog Chili,Food and Beverage,Mixed Team,"$400,000",10.00%,"$4,000,000",0.0,0.0,0.0,0.0,0.0,0.0,0.0,0.0,0,1,0
569,PRx,Fitness / Sports / Outdoors,Male,"$80,000",10.00%,"$800,000",0.0,0.0,0.0,0.0,0.0,1.0,0.0,1.0,"$80,000",0,1
570,Rags to Raches,Fashion / Beauty,Female,"$200,000",10.00%,"$2,000,000",0.0,0.0,0.0,1.0,0.0,0.0,0.0,1.0,"$200,000",0,1
571,BetterBack,Health / Wellness,Female,"$750,000",7.50%,"$10,000,000",0.0,0.0,1.0,0.0,0.0,0.0,0.0,1.0,"$750,000",0,1
572,Glace Cryotherapy,Health / Wellness,Mixed Team,"$100,000",15.00%,"$666,667",1.0,0.0,0.0,0.0,0.0,0.0,0.0,1.0,"$100,000",0,1
573,Linka,Fitness / Sports / Outdoors,Male,"$250,000",10.00%,"$2,500,000",0.0,0.0,0.0,0.0,0.0,0.0,0.0,0.0,0,1,0
574,Teaspresso,Food and Beverage,Female,"$50,000",10.00%,"$500,000",0.0,0.0,0.0,0.0,0.0,0.0,0.0,0.0,0,1,0
575,Mob Craft,Food and Beverage,Male,"$400,000",16.00%,"$2,500,000",0.0,0.0,0.0,0.0,0.0,0.0,0.0,0.0,0,1,0
576,Beloved,Fashion / Beauty,Male,"$175,000",5.00%,"$3,500,000",0.0,0.0,0.0,0.0,0.0,0.0,0.0,0.0,0,1,0
577,IlumiBowl,Lifestyle / Home,Male,"$100,000",15.00%,"$666,667",0.0,0.0,0.0,0.0,0.0,1.0,0.0,1.0,"$100,000",0,1
578,Innovation Pet,Pet Products,Mixed Team,"$250,000",5.00%,"$5,000,000",0.0,0.0,0.0,0.0,0.0,1.0,0.0,1.0,"$250,000",0,1
579,Beer Blizzard,Food and Beverage,Male,"$100,000",10.00%,"$1,000,000",0.0,1.0,0.0,0.0,0.0,0.0,0.0,1.0,"$100,000",0,1
580,Vengo,Food and Beverage,Male,"$2,000,000",12.50%,"$16,000,000",1.0,0.0,0.0,0.0,0.0,1.0,0.0,2.0,"$1,000,000",0,1
581,The Good Promise,Food and Beverage,Female,"$100,000",20.00%,"$500,000",0.0,0.0,0.0,0.0,0.0,0.0,0.0,0.0,0,1,0
582,Wondercide,Pet Products,Female,"$500,000",5.00%,"$10,000,000",0.0,0.0,1.0,0.0,0.0,0.0,0.0,1.0,"$500,000",0,1
583,Pride Bites,Pet Products,Male,"$200,000",10.00%,"$2,000,000",0.0,0.0,1.0,1.0,0.0,0.0,0.0,2.0,"$100,000",0,1
584,Trobo,Children / Education,Male,"$100,000",10.00%,"$1,000,000",0.0,0.0,0.0,1.0,0.0,0.0,0.0,1.0,"$166,666",0,1
585,NoPhone,Uncertain / Other,Male,"$25,000",15.00%,"$166,667",0.0,0.0,0.0,0.0,0.0,0.0,0.0,0.0,0,1,0
586,Coolbox,Lifestyle / Home,Male,"$500,000",10.00%,"$5,000,000",0.0,0.0,1.0,0.0,0.0,0.0,0.0,1.0,"$500,000",0,1
587,Petnostics,Pet Products,Male,"$300,000",10.00%,"$3,000,000",0.0,0.0,1.0,0.0,0.0,1.0,0.0,2.0,"$150,000",0,1
588,Frends,Fashion / Beauty,Male,"$1,000,000",7.60%,"$13,157,895",0.0,0.0,0.0,0.0,0.0,0.0,0.0,0.0,0,1,0
589,Popslate,Software / Tech,Male,"$500,000",5.00%,"$10,000,000",0.0,0.0,0.0,0.0,0.0,0.0,0.0,0.0,0,1,0
590,Slyde Handboards,Fitness / Sports / Outdoors,Mixed Team,"$200,000",15.00%,"$1,333,333",0.0,1.0,0.0,0.0,0.0,0.0,1.0,2.0,"$100,000",0,1
591,The Drip Drop,Food and Beverage,Male,"$50,000",20.00%,"$250,000",1.0,0.0,0.0,0.0,0.0,0.0,0.0,1.0,"$50,000",0,1
592,Jarrett & Raja Productions,Media / Entertainment,Male,"$750,000",40.00%,"$1,875,000",0.0,0.0,0.0,0.0,0.0,0.0,0.0,0.0,0,1,0
593,KidRunner,Fitness / Sports / Outdoors,Male,"$500,000",20.00%,"$2,500,000",0.0,0.0,0.0,0.0,0.0,0.0,0.0,0.0,0,1,0
594,InchBug,Children / Education,Female,"$400,000",10.00%,"$4,000,000",0.0,0.0,0.0,0.0,0.0,0.0,0.0,0.0,0,1,0
595,FashionTap,Fashion / Beauty,Female,"$100,000",10.00%,"$1,000,000",0.0,0.0,0.0,0.0,0.0,0.0,0.0,0.0,0,1,0
596,brellabox,Uncertain / Other,Mixed Team,"$400,000",20.00%,"$2,000,000",0.0,0.0,0.0,0.0,0.0,0.0,0.0,0.0,0,1,0
597,My Fruity Faces,Food and Beverage,Male,"$200,000",10.00%,"$2,000,000",0.0,0.0,0.0,0.0,0.0,0.0,0.0,0.0,0,1,0
598,brightwheel,Children / Education,Male,"$400,000",4.00%,"$10,000,000",0.0,1.0,0.0,0.0,0.0,0.0,1.0,2.0,"$300,000",0,1
599,dollop gourmet,Food and Beverage,Female,"$75,000",20.00%,"$375,000",1.0,0.0,0.0,0.0,0.0,0.0,0.0,1.0,"$75,000",0,1
600,Creaproducts,Fashion / Beauty,Female,"$200,000",10.00%,"$2,000,000",1.0,0.0,0.0,0.0,0.0,0.0,0.0,1.0,"$200,000",0,1
601,Yourself Expression,Fashion / Beauty,Mixed Team,"$50,000",20.00%,"$250,000",0.0,0.0,0.0,0.0,0.0,0.0,0.0,0.0,0,1,0
602,The Spooner,Fitness / Sports / Outdoors,Male,"$400,000",16.00%,"$2,500,000",1.0,1.0,0.0,0.0,0.0,0.0,0.0,2.0,"$200,000",0,1
603,Camp No Counselors,Fitness / Sports / Outdoors,Male,"$300,000",7.50%,"$4,000,000",0.0,0.0,0.0,0.0,0.0,0.0,0.0,0.0,0,1,0
604,EVP Extreme Vehicle Protection,Automotive,Male,"$50,000",20.00%,"$250,000",0.0,0.0,0.0,0.0,1.0,0.0,0.0,1.0,"$50,000",0,1
605,Gladiator Lacrosse,Fitness / Sports / Outdoors,Female,"$100,000",15.00%,"$666,667",0.0,0.0,0.0,0.0,0.0,0.0,0.0,0.0,0,1,0
606,VPCABS,Media / Entertainment,Male,"$200,000",10.00%,"$2,000,000",0.0,0.0,0.0,0.0,1.0,0.0,0.0,1.0,"$200,000",0,1
607,Pete & Pedro,Fashion / Beauty,Male,"$100,000",10.00%,"$1,000,000",1.0,0.0,0.0,0.0,0.0,0.0,0.0,1.0,"$100,000",0,1
608,PMS Bites,Food and Beverage,Female,"$50,000",20.00%,"$250,000",0.0,0.0,0.0,0.0,0.0,0.0,0.0,0.0,0,1,0
609,Felt,Lifestyle / Home,Male,"$200,000",6.00%,"$3,333,333",0.0,0.0,0.0,0.0,0.0,1.0,0.0,1.0,"$225,000",0,1
610,Pavlok,Uncertain / Other,Male,"$500,000",3.10%,"$15,923,567",0.0,0.0,0.0,0.0,0.0,0.0,0.0,0.0,0,1,0
611,Fizzics,Food and Beverage,Male,"$500,000",4.00%,"$12,500,000",0.0,1.0,1.0,0.0,0.0,0.0,0.0,2.0,"$1,000,000",0,1
612,Spoonful of Comfort,Food and Beverage,Mixed Team,"$400,000",10.00%,"$4,000,000",0.0,0.0,0.0,0.0,0.0,0.0,0.0,0.0,0,1,0
613,iSlide,Fashion / Beauty,Male,"$500,000",5.00%,"$10,000,000",0.0,0.0,0.0,0.0,0.0,0.0,0.0,0.0,0,1,0
614,Rethink,Software / Tech,Female,"$100,000",20.00%,"$500,000",0.0,1.0,1.0,0.0,0.0,0.0,0.0,2.0,"$50,000",0,1
615,The Lapel Project,Fashion / Beauty,Male,"$150,000",20.00%,"$750,000",0.0,1.0,0.0,0.0,0.0,0.0,0.0,1.0,"$150,000",0,1
616,Good Hangups,Lifestyle / Home,Female,"$100,000",10.00%,"$1,000,000",0.0,0.0,1.0,0.0,0.0,0.0,0.0,1.0,"$100,000",0,1
617,Ice Age Meals,Food and Beverage,Male,"$1,000,000",10.00%,"$10,000,000",0.0,0.0,0.0,0.0,0.0,0.0,0.0,0.0,0,1,0
618,Tactibite,Fitness / Sports / Outdoors,Male,"$150,000",10.00%,"$1,500,000",0.0,0.0,0.0,1.0,0.0,0.0,0.0,1.0,"$150,000",0,1
619,Raising Wild,Fashion / Beauty,Female,"$100,000",20.00%,"$500,000",1.0,0.0,0.0,0.0,0.0,0.0,0.0,1.0,"$100,000",0,1
620,The Cookie Kahuna,Food and Beverage,Male,"$50,000",20.00%,"$250,000",0.0,0.0,0.0,0.0,0.0,0.0,0.0,0.0,0,1,0
621,TekDry,Software / Tech,Male,"$500,000",5.00%,"$10,000,000",0.0,0.0,0.0,0.0,0.0,1.0,0.0,1.0,"$500,000",0,1
622,Night Runner 270,Fitness / Sports / Outdoors,Mixed Team,"$250,000",10.00%,"$2,500,000",0.0,0.0,0.0,1.0,0.0,0.0,0.0,1.0,"$200,000",0,1
623,Solemates,Fashion / Beauty,Female,"$500,000",10.00%,"$5,000,000",0.0,0.0,0.0,1.0,0.0,0.0,0.0,1.0,"$500,000",0,1
624,Atlantic Candies,Food and Beverage,Male,"$1,000,000",10.00%,"$10,000,000",0.0,0.0,0.0,0.0,0.0,0.0,0.0,0.0,0,1,0
625,biem,Food and Beverage,Male,"$500,000",5.00%,"$10,000,000",0.0,0.0,1.0,0.0,0.0,0.0,0.0,1.0,"$500,000",0,1
626,Angels and Tomboys,Fashion / Beauty,Female,"$55,000",20.00%,"$275,000",0.0,1.0,0.0,0.0,1.0,0.0,0.0,2.0,"$30,000",0,1
627,SandiLake Clothing,Children / Education,Female,"$100,000",10.00%,"$1,000,000",0.0,0.0,0.0,0.0,0.0,0.0,0.0,0.0,0,1,0
628,Parker Maple Farm,Food and Beverage,Male,"$200,000",20.00%,"$1,000,000",0.0,0.0,0.0,0.0,0.0,0.0,0.0,0.0,0,1,0
629,SafeGrabs,Lifestyle / Home,Female,"$75,000",12.00%,"$625,000",0.0,0.0,1.0,0.0,0.0,0.0,0.0,1.0,"$75,000",0,1
630,SiliDogs,Pet Products,Male,"$100,000",15.00%,"$666,667",0.0,0.0,1.0,0.0,0.0,0.0,0.0,1.0,"$100,000",0,1
631,Lulu Bang,Food and Beverage,Female,"$150,000",10.00%,"$1,500,000",0.0,0.0,0.0,0.0,0.0,0.0,0.0,0.0,0,1,0
632,Unpack,Travel,Male,"$500,000",40.00%,"$1,250,000",0.0,0.0,0.0,0.0,0.0,0.0,0.0,0.0,0,1,0
633,sunscreeenr,Health / Wellness,Male,"$800,000",10.00%,"$8,000,000",0.0,0.0,0.0,0.0,0.0,1.0,0.0,1.0,"$800,000",0,1
634,Potato Parcel,Media / Entertainment,Male,"$50,000",10.00%,"$500,000",0.0,0.0,0.0,0.0,0.0,1.0,0.0,1.0,"$50,000",0,1
635,EcoFlower,Lifestyle / Home,Female,"$400,000",10.00%,"$4,000,000",0.0,0.0,0.0,0.0,1.0,0.0,0.0,1.0,"$400,000",0,1
636,Style Club,Fashion / Beauty,Female,"$500,000",20.00%,"$2,500,000",0.0,1.0,0.0,0.0,0.0,0.0,0.0,1.0,"$500,000",0,1
637,SafeCatch,Food and Beverage,Male,"$600,000",3.00%,"$20,000,000",0.0,0.0,0.0,0.0,0.0,0.0,0.0,0.0,0,1,0
638,#besomebody,Software / Tech,Male,"$1,000,000",10.00%,"$10,000,000",0.0,0.0,0.0,0.0,0.0,0.0,0.0,0.0,0,1,0
639,Milk Snob,Children / Education,Female,"$125,000",5.00%,"$2,500,000",0.0,0.0,1.0,0.0,0.0,0.0,0.0,1.0,"$150,000",0,1
640,Jack's Stands & Marketplaces,Children / Education,Male,"$50,000",10.00%,"$500,000",0.0,0.0,0.0,0.0,0.0,0.0,1.0,1.0,0,0,1
641,Chi'lantro,Food and Beverage,Male,"$600,000",15.00%,"$4,000,000",1.0,0.0,0.0,0.0,0.0,0.0,0.0,1.0,"$600,000",0,1
642,Toor,Lifestyle / Home,Male,"$500,000",10.00%,"$5,000,000",1.0,0.0,0.0,0.0,0.0,1.0,0.0,2.0,"$250,000",0,1
643,PupBox,Pet Products,Mixed Team,"$250,000",10.00%,"$2,500,000",0.0,0.0,0.0,1.0,0.0,0.0,0.0,1.0,"$250,000",0,1
644,Barbell Apparel,Fashion / Beauty,Male,"$500,000",5.00%,"$10,000,000",0.0,0.0,0.0,0.0,0.0,0.0,0.0,0.0,0,1,0
645,energybits,Food and Beverage,Female,"$500,000",5.00%,"$10,000,000",0.0,0.0,0.0,0.0,0.0,0.0,0.0,0.0,0,1,0
646,Line Cutterz,Fitness / Sports / Outdoors,Male,"$120,000",20.00%,"$600,000",0.0,0.0,0.0,0.0,1.0,0.0,0.0,1.0,"$120,000",0,1
647,Inboard,Fitness / Sports / Outdoors,Male,"$750,000",4.00%,"$18,750,000",0.0,0.0,1.0,0.0,0.0,1.0,0.0,2.0,"$375,000",0,1
648,petplate,Pet Products,Male,"$100,000",10.00%,"$1,000,000",0.0,0.0,0.0,0.0,0.0,0.0,0.0,0.0,0,1,0
649,Nootrobox,Food and Beverage,Male,"$2,000,000",5.00%,"$40,000,000",0.0,0.0,0.0,0.0,0.0,0.0,0.0,0.0,0,1,0
650,nomiku,Food and Beverage,Mixed Team,"$250,000",5.00%,"$5,000,000",0.0,0.0,0.0,0.0,0.0,0.0,1.0,1.0,"$250,000",0,1
651,Sealed by Santa,Children / Education,Female,"$150,000",20.00%,"$750,000",0.0,0.0,1.0,0.0,0.0,0.0,0.0,1.0,"$150,000",0,1
652,Polyglide,Fitness / Sports / Outdoors,Male,"$150,000",20.00%,0,0.0,0.0,0.0,0.0,0.0,0.0,0.0,0.0,0,1,0
653,Digiwrap,Lifestyle / Home,Male,"$150,000",10.00%,"$1,500,000",0.0,0.0,0.0,0.0,0.0,1.0,0.0,1.0,"$150,000",0,1
654,Hand Out Gloves,Fitness / Sports / Outdoors,Male,"$150,000",20.00%,"$750,000",1.0,0.0,0.0,0.0,0.0,0.0,0.0,1.0,"$300,000",1,0
655,PDX Pet Design,Pet Products,Mixed Team,"$300,000",15.00%,"$2,000,000",0.0,0.0,0.0,0.0,0.0,0.0,0.0,0.0,0,1,0
656,Basic Outfitters,Fashion / Beauty,Mixed Team,"$125,000",10.00%,"$1,250,000",0.0,0.0,0.0,0.0,0.0,0.0,0.0,0.0,0,1,0
657,Victory Coffees,Food and Beverage,Male,"$250,000",20.00%,"$1,250,000",0.0,0.0,0.0,0.0,0.0,0.0,0.0,0.0,0,1,0
658,Naturally Perfect Dolls,Children / Education,Mixed Team,"$200,000",20.00%,"$1,000,000",0.0,0.0,0.0,0.0,1.0,0.0,0.0,1.0,"$200,000",0,1
659,Grease Bags,Lifestyle / Home,Female,"$75,000",25.00%,"$300,000",1.0,0.0,0.0,0.0,0.0,0.0,0.0,1.0,"$75,000",0,1
660,Pinblock,Children / Education,Male,"$100,000",20.00%,"$500,000",0.0,0.0,0.0,0.0,0.0,1.0,0.0,1.0,"$100,000",0,1
661,Mama's Milk Box,Fashion / Beauty,Female,"$200,000",20.00%,"$1,000,000",0.0,0.0,0.0,0.0,0.0,0.0,0.0,0.0,0,1,0
662,nicepipes,Fashion / Beauty,Female,"$100,000",10.00%,"$1,000,000",0.0,0.0,0.0,0.0,0.0,0.0,0.0,0.0,0,1,0
663,Chirps,Food and Beverage,Female,"$100,000",7.00%,"$1,428,571",0.0,1.0,0.0,0.0,0.0,0.0,0.0,1.0,"$100,000",0,1
664,Vibes,Media / Entertainment,Male,"$100,000",20.00%,0,0.0,0.0,0.0,0.0,0.0,0.0,0.0,0.0,0,1,0
665,PopUp Play,Children / Education,Mixed Team,"$250,000",6.00%,"$4,166,667",0.0,0.0,0.0,0.0,0.0,0.0,1.0,1.0,"$250,000",0,1
666,Getaway,Fitness / Sports / Outdoors,Male,"$500,000",5.00%,"$10,000,000",0.0,0.0,0.0,0.0,0.0,0.0,0.0,0.0,0,1,0
667,Kooler,Fitness / Sports / Outdoors,Male,"$50,000",15.00%,"$333,333",0.0,0.0,0.0,0.0,1.0,0.0,0.0,1.0,"$50,000",0,1
668,Little Nomad,Lifestyle / Home,Female,"$80,000",15.00%,"$533,333",0.0,0.0,0.0,0.0,0.0,0.0,0.0,0.0,0,1,0
669,RinseKit,Fitness / Sports / Outdoors,Male,"$250,000",5.00%,"$5,000,000",0.0,0.0,0.0,0.0,1.0,0.0,0.0,1.0,"$250,000",0,1
670,Dbest products,Lifestyle / Home,Male,"$350,000",5.00%,"$7,000,000",0.0,1.0,1.0,0.0,0.0,0.0,0.0,2.0,"$175,000",0,1
671,Tranquilo,Children / Education,Female,"$100,000",10.00%,"$1,000,000",0.0,0.0,0.0,1.0,0.0,0.0,0.0,1.0,"$200,000",0,1
672,Doc Spartan,Health / Wellness,Mixed Team,"$75,000",15.00%,"$500,000",0.0,0.0,0.0,1.0,0.0,0.0,0.0,1.0,"$75,000",0,1
673,Peaceful Fruits,Food and Beverage,Male,"$75,000",20.00%,"$375,000",0.0,0.0,0.0,0.0,0.0,0.0,0.0,0.0,0,1,0
674,Firefighter Turnout Bags,Fashion / Beauty,Mixed Team,"$250,000",33.00%,"$757,576",0.0,0.0,1.0,0.0,0.0,0.0,0.0,1.0,"$250,000",0,1
675,Toymail,Children / Education,Female,"$250,000",2.50%,"$10,000,000",0.0,0.0,1.0,0.0,0.0,0.0,1.0,2.0,"$300,000",0,1
676,EDN WallGarden,Green/CleanTech,Male,"$150,000",10.00%,"$1,500,000",0.0,0.0,0.0,0.0,0.0,0.0,0.0,0.0,0,1,0
677,Hotels By Day,Travel,Male,"$750,000",10.00%,"$7,500,000",0.0,0.0,0.0,0.0,0.0,0.0,0.0,0.0,0,1,0
678,Bitsbox,Children / Education,Male,"$250,000",3.00%,"$8,333,333",0.0,0.0,0.0,0.0,0.0,0.0,0.0,0.0,0,1,0
679,Sand Cloud,Fitness / Sports / Outdoors,Male,"$200,000",8.00%,"$2,500,000",0.0,0.0,0.0,1.0,0.0,0.0,0.0,1.0,"$200,000",0,1
680,Ora Organics,Health / Wellness,Male,"$375,000",5.00%,"$7,500,000",0.0,0.0,0.0,0.0,0.0,0.0,0.0,0.0,0,1,0
681,Dart Drones,Software / Tech,Female,"$300,000",10.00%,"$3,000,000",0.0,1.0,0.0,0.0,0.0,0.0,0.0,1.0,"$300,000",0,1
682,elephant pants,Fashion / Beauty,Male,"$500,000",10.00%,"$5,000,000",0.0,0.0,0.0,0.0,1.0,0.0,0.0,1.0,"$500,000",0,1
683,The Sleep Styler,Fashion / Beauty,Female,"$75,000",20.00%,"$375,000",0.0,0.0,1.0,0.0,0.0,0.0,0.0,1.0,"$75,000",0,1
684,Blentique Wine Company,Food and Beverage,Male,"$250,000",10.00%,"$2,500,000",0.0,0.0,1.0,0.0,0.0,0.0,0.0,1.0,"$250,000",0,1
685,MealEnders,Food and Beverage,Male,"$350,000",8.00%,"$4,375,000",0.0,0.0,0.0,0.0,0.0,0.0,0.0,0.0,0,1,0
686,Rareform,Fashion / Beauty,Male,"$300,000",10.00%,"$3,000,000",0.0,0.0,0.0,0.0,0.0,1.0,0.0,1.0,"$300,000",0,1
687,Apollo Peak,Pet Products,Male,"$100,000",10.00%,"$1,000,000",0.0,0.0,0.0,0.0,0.0,1.0,0.0,1.0,"$100,000",0,1
688,seedsheet,Lifestyle / Home,Male,"$500,000",10.00%,"$5,000,000",0.0,0.0,0.0,1.0,0.0,0.0,0.0,1.0,"$500,000",0,1
689,cropsticks,Lifestyle / Home,Female,"$75,000",12.50%,"$600,000",0.0,0.0,0.0,0.0,0.0,0.0,0.0,0.0,0,1,0
690,Under The Weather,Fitness / Sports / Outdoors,Male,"$600,000",10.00%,"$6,000,000",0.0,1.0,0.0,0.0,0.0,0.0,0.0,1.0,"$600,000",0,1
691,Guard Llama,Software / Tech,Male,"$100,000",5.00%,"$2,000,000",1.0,0.0,0.0,0.0,0.0,0.0,0.0,1.0,"$100,000",0,1
692,Flag,Lifestyle / Home,Mixed Team,"$375,000",5.00%,"$7,500,000",0.0,0.0,0.0,0.0,0.0,0.0,0.0,0.0,0,1,0
693,Validated,Software / Tech,Male,"$250,000",8.00%,"$3,125,000",0.0,0.0,0.0,0.0,0.0,0.0,0.0,0.0,0,1,0
694,Guardian Bikes,Fitness / Sports / Outdoors,Male,"$500,000",10.00%,"$5,000,000",0.0,1.0,0.0,0.0,0.0,0.0,0.0,1.0,"$500,000",0,1
695,Goverre,Lifestyle / Home,Female,"$200,000",13.00%,"$1,538,462",0.0,1.0,1.0,1.0,0.0,0.0,0.0,3.0,"$66,667",0,1
696,See Rescue Streamer,Fitness / Sports / Outdoors,Male,"$200,000",20.00%,"$1,000,000",0.0,0.0,0.0,0.0,0.0,0.0,0.0,0.0,0,1,0
697,BootyQueen Apparel,Fashion / Beauty,Mixed Team,"$250,000",20.00%,"$1,250,000",0.0,0.0,0.0,0.0,1.0,0.0,0.0,1.0,"$250,000",0,1
698,LocTote,Fashion / Beauty,Male,"$150,000",5.00%,"$3,000,000",0.0,0.0,0.0,1.0,0.0,0.0,0.0,1.0,"$150,000",1,0
699,Thompson Tee,Fashion / Beauty,Male,"$700,000",7.00%,"$10,000,000",0.0,0.0,0.0,1.0,0.0,0.0,0.0,1.0,"$700,000",0,1
700,Wallet Buckle,Fashion / Beauty,Male,"$500,000",10.00%,"$5,000,000",0.0,0.0,0.0,0.0,0.0,0.0,0.0,0.0,0,1,0
701,Rumi Spice,Food and Beverage,Mixed Team,"$250,000",5.00%,"$5,000,000",0.0,1.0,0.0,0.0,0.0,0.0,0.0,1.0,"$250,000",0,1
702,Peoples Design,Lifestyle / Home,Male,"$75,000",25.00%,"$300,000",0.0,0.0,1.0,0.0,0.0,0.0,0.0,1.0,"$75,000",0,1
703,Wine & Design,Media / Entertainment,Mixed Team,"$500,000",10.00%,"$5,000,000",0.0,0.0,0.0,0.0,0.0,1.0,0.0,1.0,"$500,000",0,1
704,Rocket Book,Software / Tech,Male,"$400,000",10.00%,"$4,000,000",0.0,0.0,0.0,0.0,0.0,0.0,0.0,0.0,0,1,0
705,Laid Brand,Fashion / Beauty,Male,"$30,000",30.00%,"$100,000",0.0,0.0,0.0,0.0,0.0,0.0,0.0,0.0,0,1,0
706,Bridal Buddy,Fashion / Beauty,Female,"$75,000",10.00%,"$750,000",0.0,0.0,1.0,0.0,0.0,1.0,0.0,2.0,"$37,500",0,1
707,Locker Board,Fitness / Sports / Outdoors,Mixed Team,"$60,000",15.00%,"$400,000",0.0,0.0,0.0,0.0,0.0,0.0,1.0,1.0,"$65,000",0,1
708,Wyp Aviation,Fitness / Sports / Outdoors,Male,"$500,000",20.00%,"$2,500,000",0.0,0.0,0.0,0.0,0.0,0.0,0.0,0.0,0,1,0
709,Sierra Madre Research,Fitness / Sports / Outdoors,Mixed Team,"$175,000",15.00%,"$1,166,667",0.0,0.0,0.0,0.0,0.0,0.0,1.0,1.0,"$175,000",0,1
710,Simple Habit,Health / Wellness,Female,"$600,000",5.00%,"$12,000,000",0.0,0.0,0.0,0.0,0.0,0.0,0.0,0.0,0,1,0
711,Seventy2,Lifestyle / Home,Male,"$100,000",5.00%,"$2,000,000",0.0,0.0,0.0,1.0,0.0,0.0,0.0,1.0,"$200,000",0,1
712,Jackson's Honest,Food and Beverage,Mixed Team,"$1,250,000",5.00%,"$25,000,000",0.0,0.0,0.0,0.0,0.0,0.0,1.0,1.0,"$1,250,000",0,1
713,QBall,Media / Entertainment,Male,"$200,000",15.00%,"$1,333,333",0.0,1.0,1.0,0.0,0.0,0.0,1.0,3.0,"$100,000",0,1
714,trippie,Travel,Male,"$100,000",10.00%,"$1,000,000",0.0,0.0,0.0,0.0,0.0,0.0,0.0,0.0,0,1,0
715,Firdgetland,Lifestyle / Home,Male,"$50,000",10.00%,"$500,000",1.0,0.0,0.0,0.0,0.0,0.0,0.0,1.0,"$50,000",0,1
716,Enso Rings,Fashion / Beauty,Male,"$500,000",7.50%,"$6,666,667",0.0,0.0,0.0,1.0,0.0,0.0,0.0,1.0,"$500,000",0,1
717,Third Wave Water,Food and Beverage,Male,"$100,000",10.00%,"$1,000,000",1.0,0.0,0.0,0.0,0.0,0.0,0.0,1.0,"$100,000",0,1
718,Tanglepets,Children / Education,Female,"$75,000",30.00%,"$250,000",0.0,0.0,1.0,0.0,0.0,0.0,0.0,1.0,"$75,000",0,1
719,Delighted By Hummus,Food and Beverage,Female,"$600,000",12.00%,"$5,000,000",0.0,1.0,0.0,0.0,0.0,0.0,0.0,0.0,0,0,1
720,Solemender,Health / Wellness,Male,"$75,000",10.00%,"$750,000",0.0,0.0,0.0,0.0,0.0,0.0,0.0,0.0,0,1,0
721,IceShaker,Fitness / Sports / Outdoors,Male,"$100,000",15.00%,"$666,667",0.0,1.0,0.0,0.0,0.0,0.0,1.0,2.0,"$75,000",0,1
722,benjilock,Fitness / Sports / Outdoors,Male,"$200,000",10.00%,"$2,000,000",0.0,0.0,0.0,0.0,0.0,1.0,0.0,1.0,"$200,000",0,1
723,Ash & Anvil,Fashion / Beauty,Male,"$100,000",12.50%,"$800,000",0.0,1.0,0.0,0.0,0.0,0.0,0.0,1.0,"$150,000",0,1
724,Mirmir,Media / Entertainment,Male,"$350,000",10.00%,"$3,500,000",0.0,0.0,0.0,1.0,0.0,0.0,0.0,1.0,"$700,000",0,1
725,Kwik-hang,Lifestyle / Home,Male,"$80,000",20.00%,"$400,000",0.0,0.0,0.0,0.0,0.0,0.0,0.0,0.0,0,1,0
726,H3o Sports,Fitness / Sports / Outdoors,Male,"$120,000",15.00%,"$800,000",0.0,0.0,0.0,1.0,0.0,0.0,0.0,1.0,"$120,000",0,1
727,Novel Effect,Children / Education,Mixed Team,"$500,000",10.00%,"$5,000,000",0.0,0.0,1.0,0.0,0.0,0.0,0.0,1.0,"$500,000",0,1
728,Father Figure,Children / Education,Male,"$80,000",15.00%,"$533,333",0.0,0.0,0.0,0.0,0.0,0.0,0.0,0.0,0,1,0
729,DrainWig,Lifestyle / Home,Mixed Team,"$300,000",5.00%,"$6,000,000",0.0,0.0,0.0,0.0,0.0,1.0,0.0,1.0,"$300,000",0,1
730,Brazyn Life,Fitness / Sports / Outdoors,Male,"$225,000",10.00%,"$2,250,000",0.0,0.0,1.0,0.0,0.0,0.0,1.0,2.0,"$125,000",0,1
731,GeoOrbital,Fitness / Sports / Outdoors,Male,"$500,000",5.00%,"$10,000,000",0.0,0.0,0.0,0.0,0.0,0.0,0.0,0.0,0,1,0
732,Qeepsake,Children / Education,Male,"$350,000",10.00%,"$3,500,000",0.0,0.0,0.0,0.0,0.0,0.0,0.0,0.0,0,1,0
733,WaiveCar,Automotive,Male,"$500,000",2.00%,"$25,000,000",0.0,0.0,0.0,0.0,0.0,1.0,0.0,1.0,"$500,000",0,1
734,Pearachute,Children / Education,Female,"$500,000",6.00%,"$8,333,333",0.0,1.0,0.0,0.0,0.0,0.0,0.0,1.0,"$500,000",0,1
735,No Mo-Stach,Fashion / Beauty,Female,"$100,000",25.00%,"$400,000",0.0,0.0,1.0,0.0,0.0,0.0,1.0,2.0,"$50,000",0,1
736,Snoofybee,Children / Education,Mixed Team,"$85,000",10.00%,"$850,000",0.0,0.0,1.0,0.0,0.0,0.0,0.0,1.0,"$120,000",0,1
737,DreamPad,Lifestyle / Home,Male,"$800,000",10.00%,"$8,000,000",0.0,0.0,0.0,0.0,0.0,0.0,0.0,0.0,0,1,0
738,Snarky Tea,Food and Beverage,Female,"$150,000",25.00%,"$600,000",0.0,0.0,0.0,0.0,0.0,1.0,1.0,2.0,"$75,000",0,1
739,BrilliantPad,Pet Products,Male,"$500,000",5.00%,"$10,000,000",0.0,0.0,1.0,0.0,0.0,0.0,0.0,1.0,"$500,000",0,1
740,Bravo,Software / Tech,Mixed Team,"$150,000",5.00%,"$3,000,000",0.0,1.0,1.0,0.0,0.0,0.0,0.0,2.0,"$75,000",0,1
741,HoopMaps,Fitness / Sports / Outdoors,Male,"$100,000",5.00%,"$2,000,000",0.0,0.0,0.0,0.0,0.0,0.0,0.0,0.0,0,1,0
742,Glovestix,Fitness / Sports / Outdoors,Female,"$150,000",10.00%,"$1,500,000",0.0,0.0,1.0,0.0,0.0,0.0,1.0,2.0,"$75,000",0,1
743,Grypmat,Automotive,Male,"$200,000",10.00%,"$2,000,000",0.0,1.0,1.0,0.0,0.0,0.0,1.0,3.0,"$120,000",0,1
744,DNA Simple,Health / Wellness,Male,"$100,000",12.50%,"$800,000",0.0,1.0,0.0,0.0,0.0,0.0,0.0,1.0,"$200,000",0,1
745,Robin,Fitness / Sports / Outdoors,Male,"$500,000",5.00%,"$10,000,000",0.0,0.0,0.0,0.0,0.0,0.0,0.0,0.0,0,1,0
746,SmartGurlz,Software / Tech,Female,"$200,000",5.00%,"$4,000,000",0.0,0.0,0.0,0.0,1.0,0.0,0.0,1.0,"$200,000",0,1
747,Reely Hooked Fish Co.,Food and Beverage,Male,"$75,000",25.00%,"$300,000",0.0,1.0,0.0,0.0,0.0,0.0,0.0,1.0,"$75,000",0,1
748,The Cut Buddy,Fashion / Beauty,Male,"$300,000",10.00%,"$3,000,000",0.0,0.0,0.0,0.0,1.0,0.0,0.0,1.0,"$300,000",0,1
749,Slumberkins,Children / Education,Female,"$175,000",5.00%,"$3,500,000",0.0,0.0,0.0,0.0,0.0,0.0,0.0,0.0,0,1,0
750,ProntoBev,Lifestyle / Home,Male,"$100,000",5.00%,"$2,000,000",0.0,1.0,0.0,0.0,0.0,0.0,0.0,1.0,"$100,000",0,1
751,Hater,Software / Tech,Male,"$200,000",5.00%,"$4,000,000",0.0,1.0,0.0,0.0,0.0,0.0,0.0,1.0,"$200,000",0,1
752,Coco Taps,Lifestyle / Home,Male,"$150,000",10.00%,"$1,500,000",0.0,0.0,0.0,0.0,0.0,0.0,0.0,0.0,0,1,0
753,EverlyWell,Health / Wellness,Female,"$1,000,000",5.00%,"$20,000,000",0.0,0.0,1.0,0.0,0.0,0.0,0.0,1.0,"$1,000,000",0,1
754,Mush,Food and Beverage,Female,"$300,000",10.00%,"$3,000,000",0.0,1.0,0.0,0.0,0.0,0.0,0.0,1.0,"$300,000",0,1
755,The Original Comfy,Fashion / Beauty,Male,"$50,000",20.00%,"$250,000",1.0,0.0,0.0,0.0,0.0,0.0,0.0,1.0,"$50,000",0,1
756,Christmas Tree Hugger,Lifestyle / Home,Male,"$100,000",20.00%,"$500,000",0.0,0.0,0.0,0.0,0.0,0.0,0.0,0.0,0,1,0
757,RokBlok,Media / Entertainment,Male,"$300,000",15.00%,"$2,000,000",0.0,0.0,0.0,1.0,0.0,0.0,0.0,1.0,"$500,000",0,1
758,Modern Christmas Trees,Lifestyle / Home,Male,"$100,000",10.00%,"$1,000,000",1.0,0.0,0.0,0.0,0.0,0.0,0.0,1.0,"$100,000",0,1
759,Frywall,Lifestyle / Home,Male,"$100,000",10.00%,"$1,000,000",0.0,0.0,1.0,0.0,0.0,1.0,0.0,2.0,"$50,000",0,1
760,Elliptical Stroller,Fitness / Sports / Outdoors,Male,"$500,000",40.00%,"$1,250,000",0.0,0.0,0.0,0.0,0.0,0.0,0.0,0.0,0,1,0
761,Inirv,Lifestyle / Home,Mixed Team,"$800,000",8.00%,"$10,000,000",0.0,0.0,0.0,0.0,0.0,0.0,0.0,0.0,0,1,0
762,birddogs,Fashion / Beauty,Male,"$250,000",1.50%,"$16,666,667",0.0,0.0,0.0,0.0,0.0,0.0,0.0,0.0,0,1,0
763,iFork,Lifestyle / Home,Male,"$100,000",5.00%,"$2,000,000",1.0,0.0,0.0,0.0,0.0,0.0,0.0,1.0,"$100,000",0,1
764,Stasher,Green/CleanTech,Female,"$400,000",5.00%,"$8,000,000",0.0,1.0,0.0,0.0,0.0,0.0,0.0,1.0,"$400,000",0,1
765,Recharj,Business Services,Male,"$75,000",15.00%,"$500,000",0.0,0.0,0.0,0.0,0.0,0.0,0.0,0.0,0,1,0
766,Detrapel,Lifestyle / Home,Male,"$200,000",20.00%,"$1,000,000",0.0,1.0,1.0,0.0,0.0,0.0,0.0,2.0,"$100,000",0,1
767,Joe's Gourmet Fish Fry,Food and Beverage,Mixed Team,"$150,000",15.00%,"$1,000,000",0.0,0.0,0.0,0.0,1.0,0.0,0.0,1.0,"$150,000",0,1
768,Goat Pet Products,Pet Products,Female,"$499,000",9.00%,"$5,544,444",0.0,0.0,0.0,1.0,0.0,0.0,0.0,1.0,"$499,000",0,1
769,Dude Robe,Fashion / Beauty,Male,"$150,000",18.00%,"$833,333",0.0,0.0,0.0,0.0,0.0,0.0,0.0,0.0,0,1,0
770,The Long Hairs,Fashion / Beauty,Male,"$95,000",10.00%,"$950,000",0.0,1.0,0.0,0.0,0.0,0.0,0.0,1.0,"$100,000",0,1
771,Alice's Table,Business Services,Female,"$250,000",6.30%,"$4,000,000",0.0,1.0,0.0,0.0,0.0,0.0,1.0,2.0,"$125,000",0,1
772,Zup,Fitness / Sports / Outdoors,Male,"$300,000",10.00%,"$3,000,000",0.0,0.0,0.0,0.0,0.0,0.0,0.0,0.0,0,1,0
773,Boobie Bar,Food and Beverage,Female,"$150,000",10.00%,"$1,500,000",0.0,0.0,0.0,0.0,1.0,0.0,0.0,1.0,"$150,000",0,1
774,Pandaloon,Pet Products,Female,"$60,000",20.00%,"$300,000",0.0,0.0,0.0,0.0,1.0,0.0,0.0,1.0,"$60,000",0,1
775,The Pop,Children / Education,Female,"$250,000",5.00%,"$5,000,000",0.0,0.0,0.0,0.0,0.0,1.0,0.0,1.0,"$250,000",0,1
776,RounderBum,Fashion / Beauty,Male,"$150,000",10.00%,"$1,500,000",0.0,0.0,0.0,0.0,0.0,1.0,0.0,0.0,0,0,1
777,Brush Hero,Lifestyle / Home,Male,"$500,000",10.00%,"$5,000,000",0.0,0.0,0.0,0.0,0.0,0.0,0.0,0.0,0,1,0
778,Savy,Fashion / Beauty,Female,"$100,000",10.00%,"$1,000,000",0.0,0.0,0.0,0.0,0.0,0.0,0.0,0.0,0,1,0
779,Guzzle Buddy,Food and Beverage,Mixed Team,"$400,000",10.00%,"$4,000,000",0.0,0.0,0.0,0.0,1.0,0.0,0.0,0.0,0,0,1
780,Bouquet Bar,Lifestyle / Home,Male,"$150,000",10.00%,"$1,500,000",0.0,1.0,0.0,0.0,0.0,0.0,0.0,1.0,"$150,000",0,1
781,The Wingman,Fitness / Sports / Outdoors,Male,"$200,000",12.50%,"$1,600,000",0.0,0.0,0.0,0.0,0.0,0.0,0.0,0.0,0,1,0
782,Zuvaa,Fashion / Beauty,Female,"$460,000",10.00%,"$4,600,000",0.0,0.0,0.0,0.0,0.0,0.0,0.0,0.0,0,1,0
783,The Dough Bar,Food and Beverage,Mixed Team,"$300,000",15.00%,"$2,000,000",1.0,0.0,0.0,0.0,0.0,0.0,0.0,1.0,"$300,000",0,1
784,ShowerPill,Health / Wellness,Male,"$300,000",10.00%,"$3,000,000",0.0,0.0,0.0,0.0,0.0,0.0,0.0,0.0,0,1,0
785,ChangEd,Children / Education,Male,"$250,000",15.00%,"$1,666,667",0.0,1.0,0.0,0.0,0.0,0.0,0.0,1.0,"$250,000",0,1
786,SnapClips,Fitness / Sports / Outdoors,Male,"$150,000",15.00%,"$1,000,000",0.0,1.0,1.0,0.0,0.0,0.0,1.0,3.0,"$50,000",0,1
787,Sap!,Food and Beverage,Male,"$600,000",12.00%,"$5,000,000",0.0,0.0,0.0,0.0,0.0,0.0,0.0,0.0,0,1,0
788,Radiate,Fitness / Sports / Outdoors,Male,"$50,000",20.00%,"$250,000",0.0,0.0,0.0,1.0,0.0,0.0,0.0,1.0,"$100,000",0,1
789,Petrol,Pet Products,Mixed Team,"$150,000",20.00%,"$750,000",0.0,0.0,0.0,0.0,0.0,0.0,0.0,0.0,0,1,0
790,Everytable,Food and Beverage,Male,"$1,000,000",5.00%,"$20,000,000",0.0,0.0,0.0,0.0,0.0,0.0,1.0,1.0,"$1,000,000",0,1
791,Gunnar Optiks,Lifestyle / Home,Male,"$750,000",5.00%,"$15,000,000",0.0,0.0,1.0,0.0,0.0,0.0,0.0,1.0,"$750,000",0,1
792,Avocaderia,Food and Beverage,Male,"$300,000",10.00%,"$3,000,000",1.0,1.0,0.0,0.0,0.0,0.0,0.0,2.0,"$200,000",0,1
793,Solsource,Lifestyle / Home,Female,"$500,000",3.00%,"$16,666,667",0.0,1.0,0.0,0.0,0.0,0.0,0.0,1.0,"$500,000",0,1
794,Sunnova,Food and Beverage,Male,"$500,000",4.50%,"$11,111,111",0.0,0.0,0.0,0.0,0.0,0.0,0.0,0.0,0,1,0
795,Egg Mazing,Lifestyle / Home,Male,"$350,000",7.00%,"$5,000,000",0.0,0.0,1.0,0.0,0.0,0.0,0.0,1.0,"$150,000",0,1
796,Hugo's Amazing Tape,Lifestyle / Home,Female,"$50,000",50.00%,"$100,000",0.0,1.0,1.0,0.0,0.0,0.0,0.0,2.0,"$50,000",0,1
797,Coolpeds,Fitness / Sports / Outdoors,Male,"$250,000",5.00%,"$5,000,000",0.0,0.0,0.0,0.0,0.0,0.0,0.0,0.0,0,1,0
798,Coinout,Software / Tech,Male,"$250,000",7.50%,"$3,333,333",0.0,0.0,0.0,1.0,0.0,0.0,0.0,1.0,"$250,000",0,1
799,Bermie's,Fashion / Beauty,Male,"$200,000",20.00%,"$1,000,000",0.0,0.0,0.0,0.0,0.0,0.0,0.0,0.0,0,1,0
800,Lace Your Face,Fashion / Beauty,Female,"$350,000",10.00%,"$3,500,000",0.0,0.0,1.0,0.0,0.0,0.0,0.0,1.0,"$350,000",0,1
801,OA Foods,Food and Beverage,Male,"$300,000",10.00%,"$3,000,000",0.0,0.0,1.0,1.0,0.0,0.0,0.0,2.0,"$150,000",0,1
802,Thrive+,Health / Wellness,Male,"$400,000",10.00%,"$4,000,000",0.0,0.0,0.0,0.0,0.0,0.0,0.0,0.0,0,1,0
803,Final Straw,Lifestyle / Home,Mixed Team,"$625,000",5.00%,"$12,500,000",0.0,0.0,0.0,0.0,0.0,0.0,0.0,0.0,0,1,0
804,Bear Bowl,Lifestyle / Home,Mixed Team,"$100,000",20.00%,"$500,000",0.0,0.0,0.0,0.0,0.0,0.0,1.0,0.0,0,0,1
805,Le-Glue,Children / Education,Male,"$80,000",15.00%,"$533,333",0.0,0.0,0.0,0.0,0.0,1.0,0.0,0.0,0,0,1
806,Boxlock,Lifestyle / Home,Male,"$1,000,000",5.00%,"$20,000,000",0.0,0.0,0.0,0.0,0.0,0.0,0.0,0.0,0,1,0
807,Sanaía,Food and Beverage,Female,"$150,000",15.00%,"$1,000,000",0.0,1.0,0.0,0.0,0.0,0.0,0.0,0.0,0,0,1
808,Lug Bug,Children / Education,Male,"$300,000",10.00%,"$3,000,000",0.0,0.0,0.0,0.0,0.0,0.0,0.0,0.0,0,1,0
809,Ta-Ta Towels,Fashion / Beauty,Female,"$200,000",10.00%,"$2,000,000",0.0,0.0,1.0,0.0,0.0,0.0,0.0,0.0,0,0,1
810,Shed Defender,Pet Products,Male,"$250,000",10.00%,"$2,500,000",0.0,0.0,1.0,0.0,0.0,0.0,0.0,0.0,0,0,1
811,Soupergirl,Food and Beverage,Female,"$500,000",10.00%,"$5,000,000",0.0,0.0,0.0,0.0,0.0,0.0,0.0,0.0,0,1,0
812,bundil,Software / Tech,Male,"$100,000",10.00%,"$1,000,000",0.0,0.0,0.0,0.0,0.0,1.0,0.0,0.0,0,0,1
813,Beyond Sushi,Food and Beverage,Male,"$1,500,000",30.00%,"$5,000,000",0.0,0.0,1.0,0.0,0.0,0.0,1.0,0.0,0,0,1
814,Cup Board Pro,Lifestyle / Home,Mixed Team,"$100,000",10.00%,"$1,000,000",0.0,1.0,1.0,0.0,1.0,1.0,1.0,0.0,0,0,1
815,Manscaped,Health / Wellness,Male,"$500,000",7.00%,"$7,142,857",0.0,1.0,1.0,0.0,0.0,0.0,0.0,2.0,"$250,000",0,1
816,boomboom,Health / Wellness,Mixed Team,"$300,000",10.00%,"$3,000,000",0.0,0.0,0.0,0.0,0.0,0.0,0.0,0.0,0,1,0
817,Cave Shake,Food and Beverage,Female,"$250,000",10.00%,"$2,500,000",0.0,0.0,0.0,0.0,0.0,0.0,1.0,1.0,"$250,000",0,1
818,Butter Cloth,Fashion / Beauty,Male,"$250,000",10.00%,"$2,500,000",0.0,0.0,0.0,1.0,0.0,0.0,0.0,0.0,0,0,1
819,Handbag Raincoat,Fashion / Beauty,Female,"$300,000",25.00%,"$1,200,000",0.0,0.0,0.0,0.0,0.0,0.0,0.0,0.0,0,1,0
820,Rewardstock,Software / Tech,Male,"$200,000",5.00%,"$4,000,000",0.0,1.0,0.0,0.0,0.0,0.0,0.0,0.0,0,0,1
821,Wisp,Lifestyle / Home,Male,"$500,000",10.00%,"$5,000,000",0.0,0.0,0.0,0.0,0.0,0.0,0.0,0.0,0,1,0
822,The Kombucha Shop,Food and Beverage,Female,"$350,000",10.00%,"$3,500,000",1.0,0.0,0.0,0.0,0.0,0.0,1.0,2.0,"$100,000",0,1
823,Lockstraps,Lifestyle / Home,Male,"$200,000",20.00%,"$1,000,000",0.0,0.0,0.0,0.0,0.0,0.0,0.0,0.0,0,1,0
824,Vade Nutrition,Food and Beverage,Mixed Team,"$250,000",10.00%,"$2,500,000",0.0,1.0,0.0,0.0,0.0,0.0,1.0,0.0,350000,0,1
825,Nui,Food and Beverage,Male,"$300,000",10.00%,"$3,000,000",0.0,0.0,0.0,0.0,0.0,0.0,1.0,0.0,0,0,1
826,Bottlekeeper,Lifestyle / Home,Male,"$1,000,000",5.00%,"$20,000,000",0.0,1.0,1.0,0.0,0.0,0.0,0.0,0.0,500000,0,1
827,Prank-O,Uncertain / Other,Male,"$640,000",8.00%,"$8,000,000",0.0,1.0,0.0,0.0,0.0,0.0,0.0,0.0,0,0,1
828,Ski-Z,Fitness / Sports / Outdoors,Male,"$50,000",15.00%,"$333,333",1.0,0.0,0.0,0.0,0.0,0.0,0.0,0.0,0,0,1
829,Oatmeals,Food and Beverage,Female,"$500,000",20.00%,"$2,500,000",0.0,0.0,1.0,0.0,0.0,0.0,0.0,0.0,0,0,1
830,Hire Santa,Business Services,Male,"$200,000",10.00%,"$2,000,000",1.0,0.0,0.0,0.0,0.0,0.0,0.0,0.0,0,0,1
831,Pop It Pal,Uncertain / Other,Mixed Team,"$250,000",10.00%,"$2,500,000",0.0,0.0,0.0,0.0,0.0,1.0,0.0,1.0,"$250,000",0,1
832,Yumble,Food and Beverage,Mixed Team,"$500,000",4.00%,"$12,500,000",0.0,0.0,0.0,0.0,0.0,0.0,1.0,1.0,"$500,000",0,1
833,BollyX,Fitness / Sports / Outdoors,Male,"$375,000",8.00%,"$4,687,500",0.0,0.0,0.0,0.0,0.0,0.0,1.0,1.0,$0,1,0
834,Mother,Food and Beverage,Mixed Team,"$400,000",10.00%,"$4,000,000",0.0,0.0,0.0,0.0,0.0,0.0,0.0,0.0,0,0,1
835,Moki Doorstep,Automotive,Mixed Team,"$150,000",5.00%,"$3,000,000",0.0,0.0,0.0,0.0,1.0,0.0,0.0,1.0,"$3,000,000",0,1
836,Sproing Fitness,Fitness / Sports / Outdoors,Male,"$500,000",8.00%,"$6,250,000",0.0,0.0,0.0,0.0,0.0,0.0,0.0,0.0,0,1,0
837,Bruw,Food and Beverage,Male,"$50,000",25.00%,"$200,000",0.0,1.0,0.0,0.0,0.0,0.0,0.0,1.0,"$50,000",0,1
838,TushBaby,Children / Education,Female,"$200,000",10.00%,"$2,000,000",0.0,0.0,1.0,0.0,0.0,0.0,0.0,1.0,"$200,000",0,1
839,Adventure Hunt,Fitness / Sports / Outdoors,Male,"$150,000",10.00%,"$1,500,000",0.0,0.0,0.0,1.0,0.0,0.0,0.0,1.0,"$150,000",0,1
840,Uniform,Fashion / Beauty,Male,"$300,000",10.00%,"$3,000,000",0.0,0.0,0.0,0.0,0.0,0.0,0.0,0.0,0,1,0
841,Pristine,Health / Wellness,Mixed Team,"$50,000",20.00%,"$250,000",0.0,0.0,0.0,0.0,0.0,0.0,0.0,0.0,0,0,1
842,Aquapaw,Pet Products,Male,"$200,000",7.50%,"$2,666,667",0.0,0.0,0.0,0.0,0.0,0.0,0.0,0.0,0,1,0
843,Sonnet James,Fashion / Beauty,Female,"$350,000",25.00%,"$1,400,000",0.0,0.0,0.0,0.0,0.0,0.0,1.0,0.0,0,0,1
844,Kitty Kasas,Pet Products,Mixed Team,"$200,000",20.00%,"$1,000,000",0.0,0.0,0.0,0.0,0.0,0.0,0.0,0.0,0,0,1
845,Makeup Junkie Bags,Fashion / Beauty,Female,"$200,000",15.00%,"$1,333,333",0.0,0.0,1.0,0.0,0.0,0.0,0.0,0.0,0,0,1
846,Angel Shave Club,Fashion / Beauty,Mixed Team,"$300,000",10.00%,"$3,000,000",0.0,0.0,0.0,0.0,0.0,0.0,0.0,0.0,0,1,0
847,Obvious Wines,Food and Beverage,Male,"$150,000",5.00%,"$3,000,000",0.0,0.0,1.0,0.0,0.0,0.0,0.0,1.0,"$160,000",0,1
848,ZuGoPet,Pet Products,Female,"$100,000",10.00%,"$1,000,000",0.0,0.0,0.0,0.0,0.0,0.0,0.0,0.0,0,1,0
849,Monti Kids,Children / Education,Female,"$200,000",2.50%,"$8,000,000",0.0,0.0,0.0,0.0,0.0,1.0,0.0,1.0,"$200,000",0,1
850,Twist It Up Combs,Fashion / Beauty,Male,"$225,000",15.00%,"$1,500,000",0.0,1.0,0.0,0.0,1.0,0.0,0.0,2.0,"$112,500",0,1
851,Fresh Bellies,Food and Beverage,Female,"$275,000",5.00%,"$5,500,000",0.0,0.0,0.0,0.0,0.0,0.0,0.0,0.0,0,1,0
852,SubSafe,Lifestyle / Home,Mixed Team,"$50,000",13.00%,"$384,615",0.0,1.0,0.0,0.0,0.0,0.0,1.0,2.0,"$50,000",0,1
853,Zorpads,Fashion / Beauty,Mixed Team,"$150,000",8.00%,"$1,875,000",0.0,0.0,1.0,0.0,0.0,0.0,1.0,0.0,0,0,1
854,Life Lift Systems,Lifestyle / Home,Male,"$550,000",15.00%,"$3,666,667",0.0,1.0,0.0,0.0,0.0,0.0,0.0,1.0,"$550,000",0,1
855,CulrMix,Fashion / Beauty,Mixed Team,"$400,000",10.00%,"$4,000,000",0.0,0.0,0.0,0.0,0.0,0.0,0.0,0.0,0,1,0
856,Zookies,Pet Products,Male,"$50,000",20.00%,"$250,000",0.0,0.0,0.0,0.0,0.0,0.0,1.0,0.0,0,0,1
857,GOGA,Health / Wellness,Mixed Team,"$50,000",15.00%,"$333,333",0.0,0.0,0.0,0.0,0.0,0.0,0.0,0.0,0,1,0
858,Shower Toga,Lifestyle / Home,Female,"$80,000",33.00%,"$242,424",0.0,1.0,0.0,0.0,0.0,0.0,1.0,2.0,"$40,000",0,1
859,ToyBox,Software / Tech,Mixed Team,"$150,000",5.00%,"$3,000,000",0.0,0.0,0.0,0.0,0.0,1.0,0.0,0.0,0,0,1
860,Moink Meat,Food and Beverage,Female,"$250,000",10.00%,"$2,500,000",0.0,0.0,0.0,0.0,0.0,0.0,1.0,0.0,0,0,1
861,Goalsetter,Software / Tech,Female,"$200,000",4.00%,"$5,000,000",0.0,0.0,0.0,0.0,0.0,0.0,0.0,0.0,0,1,0
862,Jolly Roger,Software / Tech,Male,"$400,000",10.00%,"$4,000,000",0.0,0.0,0.0,0.0,0.0,0.0,0.0,0.0,0,1,0
863,Urban Float,Health / Wellness,Male,"$500,000",5.00%,"$10,000,000",0.0,0.0,0.0,0.0,0.0,0.0,1.0,0.0,0,0,1
864,Kudo Banz,Children / Education,Mixed Team,"$150,000",10.00%,"$1,500,000",0.0,0.0,0.0,0.0,0.0,0.0,0.0,0.0,0,1,0
865,Pooch Selfie,Pet Products,Male,"$100,000",20.00%,"$500,000",0.0,0.0,0.0,0.0,1.0,0.0,0.0,0.0,0,0,1
866,Wild Earth,Pet Products,Male,"$550,000",5.00%,"$11,000,000",0.0,1.0,0.0,0.0,0.0,0.0,0.0,0.0,0,0,1
867,SilkRoll,Fashion / Beauty,Mixed Team,"$250,000",3.00%,"$8,333,333",0.0,0.0,0.0,0.0,0.0,0.0,0.0,0.0,0,1,0
868,Press Waffle Co.,Food and Beverage,Male,"$200,000",8.00%,"$2,500,000",1.0,0.0,0.0,0.0,0.0,0.0,0.0,0.0,0,0,1
869,Pickup Pools,Automotive,Male,"$100,000",25.00%,"$400,000",0.0,1.0,0.0,0.0,0.0,0.0,0.0,0.0,0,0,1
870,Dare-U-Go Bib,Children / Education,Female,"$350,000",10.00%,"$3,500,000",1.0,0.0,0.0,0.0,0.0,0.0,0.0,0.0,0,0,1
871,Nuchas Empanada,Food and Beverage,Male,"$2,000,000",8.00%,"$25,000,000",0.0,0.0,0.0,0.0,0.0,0.0,0.0,0.0,0,1,0
872,CertifiKID,Children / Education,Male,"$500,000",6.00%,"$8,333,333",0.0,0.0,0.0,0.0,0.0,0.0,0.0,0.0,0,1,0
873,Kanga Koozie,Lifestyle / Home,Male,"$100,000",10.00%,"$1,000,000",0.0,1.0,0.0,0.0,0.0,0.0,0.0,0.0,0,0,1
874,HAVEN Lock,Lifestyle / Home,Mixed Team,"$600,000",8.00%,"$7,500,000",0.0,0.0,0.0,0.0,0.0,1.0,0.0,0.0,0,0,1
875,Pricetitution,Media / Entertainment,Male,"$100,000",20.00%,"$500,000",1.0,0.0,0.0,0.0,0.0,0.0,1.0,0.0,"$50,000",0,1
876,Luma Soda,Food and Beverage,Male,"$500,000",20.00%,"$2,500,000",0.0,0.0,0.0,0.0,0.0,0.0,0.0,0.0,0,1,0
877,Hydroviv,Lifestyle / Home,Male,"$400,000",10.00%,"$4,000,000",0.0,1.0,0.0,0.0,0.0,0.0,0.0,0.0,0,0,1
878,Flip-It,Lifestyle / Home,Male,"$500,000",10.00%,"$5,000,000",0.0,0.0,0.0,0.0,0.0,0.0,0.0,0.0,0,1,0
879,Maven's Creamery,Food and Beverage,Female,"$400,000",10.00%,"$4,000,000",1.0,0.0,0.0,0.0,0.0,0.0,0.0,0.0,0,0,1
880,Sapre,Business Services,Male,"$500,000",3.50%,"$14,285,714",0.0,1.0,0.0,0.0,0.0,0.0,0.0,0.0,0,0,1
881,Swoveralls,Fashion / Beauty,Male,"$150,000",15.00%,"$1,000,000",0.0,0.0,0.0,0.0,0.0,0.0,0.0,0.0,0,1,0
882,Somnifix,Health / Wellness,Male,"$500,000",10.00%,"$5,000,000",0.0,1.0,0.0,0.0,0.0,0.0,0.0,0.0,0,0,1
883,The Best Pocket Sqaure Holder,Fashion / Beauty,Male,"$250,000",15.00%,"$1,666,667",0.0,0.0,0.0,0.0,0.0,0.0,0.0,0.0,0,0,1
884,Basepaws,Pet Products,Female,"$250,000",5.00%,"$5,000,000",0.0,0.0,0.0,1.0,0.0,1.0,0.0,0.0,"$125,000",0,1
885,The Bang Shack,Food and Beverage,Male,"$80,000",20.00%,0,0.0,0.0,0.0,0.0,0.0,0.0,0.0,0.0,0,1,0
886,Kymera,Fitness / Sports / Outdoors,Male,"$250,000",5.00%,"$5,000,000",0.0,0.0,0.0,1.0,0.0,0.0,0.0,0.0,0,0,1
887,DeskView,Lifestyle / Home,Male,"$150,000",7.50%,"$2,000,000",0.0,0.0,0.0,0.0,0.0,1.0,0.0,0.0,0,0,1
888,Saucemoto,Automotive,Male,"$45,000",15.00%,"$300,000",0.0,0.0,0.0,1.0,0.0,0.0,0.0,0.0,0,0,1
889,DoughP,Food and Beverage,Female,"$450,000",10.00%,"$4,500,000",0.0,0.0,0.0,0.0,0.0,0.0,0.0,0.0,0,1,0
890,Cubicall,Lifestyle / Home,Male,"$350,000",10.00%,"$3,500,000",1.0,0.0,0.0,0.0,0.0,0.0,0.0,0.0,0,0,1
891,Fat Shack,Food and Beverage,Male,"$250,000",7.50%,"$3,333,333",0.0,1.0,0.0,0.0,0.0,0.0,0.0,0.0,0,0,1
892,Quickflip,Fashion / Beauty,Male,"$500,000",5.00%,"$10,000,000",0.0,0.0,1.0,0.0,0.0,0.0,0.0,0.0,0,0,1
893,BatBnB,Lifestyle / Home,Male,"$100,000",16.00%,"$625,000",0.0,0.0,0.0,0.0,0.0,1.0,0.0,0.0,0,0,1
894,CoyoteVest,Pet Products,Mixed Team,"$250,000",10.00%,0,0.0,0.0,0.0,0.0,0.0,0.0,0.0,0.0,0,1,0
